gene,protospacer,Oligo ,,
AHR.5,ATTCCATTCCGTCTTCCTTG,ATATATCTTGTGGAAAGGACGAAACACCGATTCCATTCCGTCTTCCTTGGTTTAAGAGCTATGCTGGAAACAGCATAG,,
AHRR.5,CGGCCCTGGATGCTGCGGGG,ATATATCTTGTGGAAAGGACGAAACACCGCGGCCCTGGATGCTGCGGGGGTTTAAGAGCTATGCTGGAAACAGCATAG,,
ASCL1.1,AGCCGCTCGCTGCAGCAGCG,ATATATCTTGTGGAAAGGACGAAACACCGAGCCGCTCGCTGCAGCAGCGGTTTAAGAGCTATGCTGGAAACAGCATAG,,
ASCL1.2,CTCCCCGCTGCTGCAGCGAG,ATATATCTTGTGGAAAGGACGAAACACCGCTCCCCGCTGCTGCAGCGAGGTTTAAGAGCTATGCTGGAAACAGCATAG,,
ASCL1.3,GGAGGGGGAGTTTAGGGAGT,ATATATCTTGTGGAAAGGACGAAACACCGGGAGGGGGAGTTTAGGGAGTGTTTAAGAGCTATGCTGGAAACAGCATAG,,
ASCL1.4,GCAGCCGCTCGCTGCAGCAG,ATATATCTTGTGGAAAGGACGAAACACCGGCAGCCGCTCGCTGCAGCAGGTTTAAGAGCTATGCTGGAAACAGCATAG,,
ASCL1.5,GCTGCAGCAGCGGGGAGTGG,ATATATCTTGTGGAAAGGACGAAACACCGGCTGCAGCAGCGGGGAGTGGGTTTAAGAGCTATGCTGGAAACAGCATAG,,
ASCL1.6,GGAGGAAGAGGTAAGAGGAG,ATATATCTTGTGGAAAGGACGAAACACCGGGAGGAAGAGGTAAGAGGAGGTTTAAGAGCTATGCTGGAAACAGCATAG,,
ATF4.4,CGGTTGGGGCGTCAAAGGGA,ATATATCTTGTGGAAAGGACGAAACACCGCGGTTGGGGCGTCAAAGGGAGTTTAAGAGCTATGCTGGAAACAGCATAG,,
ATF5.6,CTCGCGCGGCCCCAACCGGG,ATATATCTTGTGGAAAGGACGAAACACCGCTCGCGCGGCCCCAACCGGGGTTTAAGAGCTATGCTGGAAACAGCATAG,,
ATOH1.1,GAAGACACGCGACCGGCGCG,ATATATCTTGTGGAAAGGACGAAACACCGGAAGACACGCGACCGGCGCGGTTTAAGAGCTATGCTGGAAACAGCATAG,,
ATOH1.2,GTGTCTTCTCAGCCAATGGA,ATATATCTTGTGGAAAGGACGAAACACCGGTGTCTTCTCAGCCAATGGAGTTTAAGAGCTATGCTGGAAACAGCATAG,,
ATOH1.3,TGGCTGAGAAGACACGCGAC,ATATATCTTGTGGAAAGGACGAAACACCGTGGCTGAGAAGACACGCGACGTTTAAGAGCTATGCTGGAAACAGCATAG,,
ATOH1.4,ACACGCGACCGGCGCGAGGA,ATATATCTTGTGGAAAGGACGAAACACCGACACGCGACCGGCGCGAGGAGTTTAAGAGCTATGCTGGAAACAGCATAG,,
ATOH1.5,CACGCGACCGGCGCGAGGAG,ATATATCTTGTGGAAAGGACGAAACACCGCACGCGACCGGCGCGAGGAGGTTTAAGAGCTATGCTGGAAACAGCATAG,,
ATOH1.6,GACACGCGACCGGCGCGAGG,ATATATCTTGTGGAAAGGACGAAACACCGGACACGCGACCGGCGCGAGGGTTTAAGAGCTATGCTGGAAACAGCATAG,,
ATOH7.1,CTCCCCGCAGTTCCCAGGGT,ATATATCTTGTGGAAAGGACGAAACACCGCTCCCCGCAGTTCCCAGGGTGTTTAAGAGCTATGCTGGAAACAGCATAG,,
ATOH7.2,GGTGCTGAGATAGAAGCCGA,ATATATCTTGTGGAAAGGACGAAACACCGGGTGCTGAGATAGAAGCCGAGTTTAAGAGCTATGCTGGAAACAGCATAG,,
ATOH7.3,TTCCTACCCTGGGAACTGCG,ATATATCTTGTGGAAAGGACGAAACACCGTTCCTACCCTGGGAACTGCGGTTTAAGAGCTATGCTGGAAACAGCATAG,,
ATOH7.4,AGGTGCTGAGATAGAAGCCG,ATATATCTTGTGGAAAGGACGAAACACCGAGGTGCTGAGATAGAAGCCGGTTTAAGAGCTATGCTGGAAACAGCATAG,,
ATOH7.5,CCTTCCTACCCTGGGAACTG,ATATATCTTGTGGAAAGGACGAAACACCGCCTTCCTACCCTGGGAACTGGTTTAAGAGCTATGCTGGAAACAGCATAG,,
ATOH7.6,CTACCCTGGGAACTGCGGGG,ATATATCTTGTGGAAAGGACGAAACACCGCTACCCTGGGAACTGCGGGGGTTTAAGAGCTATGCTGGAAACAGCATAG,,
BACH1.5,CAGAGCGGCGCAGAAGGGAG,ATATATCTTGTGGAAAGGACGAAACACCGCAGAGCGGCGCAGAAGGGAGGTTTAAGAGCTATGCTGGAAACAGCATAG,,
BARX1.1,AACCCCTAGGCTGAGCCGGA,ATATATCTTGTGGAAAGGACGAAACACCGAACCCCTAGGCTGAGCCGGAGTTTAAGAGCTATGCTGGAAACAGCATAG,,
BCL11A.6,CCAATGGCCAGTGCGGGGAG,ATATATCTTGTGGAAAGGACGAAACACCGCCAATGGCCAGTGCGGGGAGGTTTAAGAGCTATGCTGGAAACAGCATAG,,
BCL11B.2,GACCCTTCCGAGGCTCTGGG,ATATATCTTGTGGAAAGGACGAAACACCGGACCCTTCCGAGGCTCTGGGGTTTAAGAGCTATGCTGGAAACAGCATAG,,
BNC2.1,AATCAGTCACCTGAGCGCAG,ATATATCTTGTGGAAAGGACGAAACACCGAATCAGTCACCTGAGCGCAGGTTTAAGAGCTATGCTGGAAACAGCATAG,,
CIC.2,CCCGCCGGACTCCGCGAGGG,ATATATCTTGTGGAAAGGACGAAACACCGCCCGCCGGACTCCGCGAGGGGTTTAAGAGCTATGCTGGAAACAGCATAG,,
DACH2.2,GCCATGGCAACTGATGCAGG,ATATATCTTGTGGAAAGGACGAAACACCGGCCATGGCAACTGATGCAGGGTTTAAGAGCTATGCTGGAAACAGCATAG,,
DLX1.1,CCCGGGGCTCTCCGCGCATG,ATATATCTTGTGGAAAGGACGAAACACCGCCCGGGGCTCTCCGCGCATGGTTTAAGAGCTATGCTGGAAACAGCATAG,,
DLX1.2,CCTTCTCCACTCCCCATGCG,ATATATCTTGTGGAAAGGACGAAACACCGCCTTCTCCACTCCCCATGCGGTTTAAGAGCTATGCTGGAAACAGCATAG,,
DLX1.3,CGCGCATGGGGAGTGGAGAA,ATATATCTTGTGGAAAGGACGAAACACCGCGCGCATGGGGAGTGGAGAAGTTTAAGAGCTATGCTGGAAACAGCATAG,,
DLX1.4,CCGCGCATGGGGAGTGGAGA,ATATATCTTGTGGAAAGGACGAAACACCGCCGCGCATGGGGAGTGGAGAGTTTAAGAGCTATGCTGGAAACAGCATAG,,
DLX1.5,GCCCGGGGCTCTCCGCGCAT,ATATATCTTGTGGAAAGGACGAAACACCGGCCCGGGGCTCTCCGCGCATGTTTAAGAGCTATGCTGGAAACAGCATAG,,
DLX1.6,GGGAAAGAGGATGTGTGTGT,ATATATCTTGTGGAAAGGACGAAACACCGGGGAAAGAGGATGTGTGTGTGTTTAAGAGCTATGCTGGAAACAGCATAG,,
DLX2.1,AACAGCCAATCAGAAGCAAA,ATATATCTTGTGGAAAGGACGAAACACCGAACAGCCAATCAGAAGCAAAGTTTAAGAGCTATGCTGGAAACAGCATAG,,
DLX2.2,CGGGCGTTCCCGGAGCTCCG,ATATATCTTGTGGAAAGGACGAAACACCGCGGGCGTTCCCGGAGCTCCGGTTTAAGAGCTATGCTGGAAACAGCATAG,,
DLX2.3,GCGTCACATGGTGGGCGCTG,ATATATCTTGTGGAAAGGACGAAACACCGGCGTCACATGGTGGGCGCTGGTTTAAGAGCTATGCTGGAAACAGCATAG,,
DLX2.4,AGGGGCGGGCGTCACATGGT,ATATATCTTGTGGAAAGGACGAAACACCGAGGGGCGGGCGTCACATGGTGTTTAAGAGCTATGCTGGAAACAGCATAG,,
DLX2.5,GCCAAGGGGCGGGCGTCACA,ATATATCTTGTGGAAAGGACGAAACACCGGCCAAGGGGCGGGCGTCACAGTTTAAGAGCTATGCTGGAAACAGCATAG,,
DLX2.6,TCCGGGAACGCCCGGCCAAG,ATATATCTTGTGGAAAGGACGAAACACCGTCCGGGAACGCCCGGCCAAGGTTTAAGAGCTATGCTGGAAACAGCATAG,,
DLX5.1,ACAAAGCATTGCTTAAAAAG,ATATATCTTGTGGAAAGGACGAAACACCGACAAAGCATTGCTTAAAAAGGTTTAAGAGCTATGCTGGAAACAGCATAG,,
DLX5.2,CAAAGCATTGCTTAAAAAGG,ATATATCTTGTGGAAAGGACGAAACACCGCAAAGCATTGCTTAAAAAGGGTTTAAGAGCTATGCTGGAAACAGCATAG,,
DLX5.3,GGGTGTTACTGTTGCTCCCG,ATATATCTTGTGGAAAGGACGAAACACCGGGGTGTTACTGTTGCTCCCGGTTTAAGAGCTATGCTGGAAACAGCATAG,,
DLX5.4,AAAACTAGTTGGACGAGTTA,ATATATCTTGTGGAAAGGACGAAACACCGAAAACTAGTTGGACGAGTTAGTTTAAGAGCTATGCTGGAAACAGCATAG,,
DLX5.5,AACAAAGCATTGCTTAAAAA,ATATATCTTGTGGAAAGGACGAAACACCGAACAAAGCATTGCTTAAAAAGTTTAAGAGCTATGCTGGAAACAGCATAG,,
DLX5.6,GGATCTGGTTCTATTGGCCA,ATATATCTTGTGGAAAGGACGAAACACCGGGATCTGGTTCTATTGGCCAGTTTAAGAGCTATGCTGGAAACAGCATAG,,
DMRT1.5,GCGTGGCCACGCTCCCTCCC,ATATATCTTGTGGAAAGGACGAAACACCGGCGTGGCCACGCTCCCTCCCGTTTAAGAGCTATGCTGGAAACAGCATAG,,
DMRTC2.3,TCGTCTGCCTCGGCTGAGAG,ATATATCTTGTGGAAAGGACGAAACACCGTCGTCTGCCTCGGCTGAGAGGTTTAAGAGCTATGCTGGAAACAGCATAG,,
DNMT1.3,GGGATGTACCAAACGGAGAG,ATATATCTTGTGGAAAGGACGAAACACCGGGGATGTACCAAACGGAGAGGTTTAAGAGCTATGCTGGAAACAGCATAG,,
E2F7.4,GGCCCCGGCCAATCGTGCGG,ATATATCTTGTGGAAAGGACGAAACACCGGGCCCCGGCCAATCGTGCGGGTTTAAGAGCTATGCTGGAAACAGCATAG,,
EBF3.2,GCCTGCGCCATATATGGGAG,ATATATCTTGTGGAAAGGACGAAACACCGGCCTGCGCCATATATGGGAGGTTTAAGAGCTATGCTGGAAACAGCATAG,,
EBF4.3,TGACATCATCGGGGGAGGAG,ATATATCTTGTGGAAAGGACGAAACACCGTGACATCATCGGGGGAGGAGGTTTAAGAGCTATGCTGGAAACAGCATAG,,
EN2.5,CGGCCGGACGCGGAGAGGAG,ATATATCTTGTGGAAAGGACGAAACACCGCGGCCGGACGCGGAGAGGAGGTTTAAGAGCTATGCTGGAAACAGCATAG,,
ETS2.5,GACGGCCGAGTGGAGGGGAG,ATATATCTTGTGGAAAGGACGAAACACCGGACGGCCGAGTGGAGGGGAGGTTTAAGAGCTATGCTGGAAACAGCATAG,,
ETV3.5,GAGGTGAGGCTGGGAACCGG,ATATATCTTGTGGAAAGGACGAAACACCGGAGGTGAGGCTGGGAACCGGGTTTAAGAGCTATGCTGGAAACAGCATAG,,
FOSL2.4,AGGAAGAGGCGCGGGAGGGG,ATATATCTTGTGGAAAGGACGAAACACCGAGGAAGAGGCGCGGGAGGGGGTTTAAGAGCTATGCTGGAAACAGCATAG,,
FOXA1.6,TGCGGCGGACAAATGGGGAG,ATATATCTTGTGGAAAGGACGAAACACCGTGCGGCGGACAAATGGGGAGGTTTAAGAGCTATGCTGGAAACAGCATAG,,
FOXD4L4.5,GCCGATCACCTGGCCTGGGG,ATATATCTTGTGGAAAGGACGAAACACCGGCCGATCACCTGGCCTGGGGGTTTAAGAGCTATGCTGGAAACAGCATAG,,
FOXE1.4,ACAGCTGCTCCTACCTGGGG,ATATATCTTGTGGAAAGGACGAAACACCGACAGCTGCTCCTACCTGGGGGTTTAAGAGCTATGCTGGAAACAGCATAG,,
FOXF1.2,GTGGCCGCCGATGACGGCAG,ATATATCTTGTGGAAAGGACGAAACACCGGTGGCCGCCGATGACGGCAGGTTTAAGAGCTATGCTGGAAACAGCATAG,,
FOXF2.1,GCGGGGAGCGAGATAAGAGA,ATATATCTTGTGGAAAGGACGAAACACCGGCGGGGAGCGAGATAAGAGAGTTTAAGAGCTATGCTGGAAACAGCATAG,,
FOXF2.2,GGGAGCGAGATAAGAGAGGG,ATATATCTTGTGGAAAGGACGAAACACCGGGGAGCGAGATAAGAGAGGGGTTTAAGAGCTATGCTGGAAACAGCATAG,,
FOXJ1.5,AGAGTTGCCGCCAGGGAGAG,ATATATCTTGTGGAAAGGACGAAACACCGAGAGTTGCCGCCAGGGAGAGGTTTAAGAGCTATGCTGGAAACAGCATAG,,
FOXJ1.6,GCGGAAGCTGTTTATGGGGG,ATATATCTTGTGGAAAGGACGAAACACCGGCGGAAGCTGTTTATGGGGGGTTTAAGAGCTATGCTGGAAACAGCATAG,,
FOXJ2.4,CCTCCCGGCGCGGGTTAAGG,ATATATCTTGTGGAAAGGACGAAACACCGCCTCCCGGCGCGGGTTAAGGGTTTAAGAGCTATGCTGGAAACAGCATAG,,
FOXL1.2,CAGAGCCAGAGGCAGAGGCA,ATATATCTTGTGGAAAGGACGAAACACCGCAGAGCCAGAGGCAGAGGCAGTTTAAGAGCTATGCTGGAAACAGCATAG,,
FOXN2.3,TCCCGCGACCCCGAGGAAGG,ATATATCTTGTGGAAAGGACGAAACACCGTCCCGCGACCCCGAGGAAGGGTTTAAGAGCTATGCTGGAAACAGCATAG,,
FOXO4.4,CCGATACGGCGGCAGGAGAG,ATATATCTTGTGGAAAGGACGAAACACCGCCGATACGGCGGCAGGAGAGGTTTAAGAGCTATGCTGGAAACAGCATAG,,
GAD1.1,CACGAGGCCGTTGCTCGCGG,ATATATCTTGTGGAAAGGACGAAACACCGCACGAGGCCGTTGCTCGCGGGTTTAAGAGCTATGCTGGAAACAGCATAG,,
GAD1.2,GGATCGGCGGGGAAATCACG,ATATATCTTGTGGAAAGGACGAAACACCGGGATCGGCGGGGAAATCACGGTTTAAGAGCTATGCTGGAAACAGCATAG,,
GAD1.3,TCGCGGGGGCAGCTAGTCGG,ATATATCTTGTGGAAAGGACGAAACACCGTCGCGGGGGCAGCTAGTCGGGTTTAAGAGCTATGCTGGAAACAGCATAG,,
GAD1.4,AGGCGGTCAGGCACCTGCAG,ATATATCTTGTGGAAAGGACGAAACACCGAGGCGGTCAGGCACCTGCAGGTTTAAGAGCTATGCTGGAAACAGCATAG,,
GAD1.5,CTAGCTGCCCCCGCGAGCAA,ATATATCTTGTGGAAAGGACGAAACACCGCTAGCTGCCCCCGCGAGCAAGTTTAAGAGCTATGCTGGAAACAGCATAG,,
GAD1.6,GGGGCAGCTAGTCGGCGGAG,ATATATCTTGTGGAAAGGACGAAACACCGGGGGCAGCTAGTCGGCGGAGGTTTAAGAGCTATGCTGGAAACAGCATAG,,
GCM2.1,CACCACAGTCCCAGGAACGG,ATATATCTTGTGGAAAGGACGAAACACCGCACCACAGTCCCAGGAACGGGTTTAAGAGCTATGCTGGAAACAGCATAG,,
GCM2.3,CTCCACCACAGTCCCAGGAA,ATATATCTTGTGGAAAGGACGAAACACCGCTCCACCACAGTCCCAGGAAGTTTAAGAGCTATGCTGGAAACAGCATAG,,
GCM2.4,AGTCCCAGGAACGGAGGTGG,ATATATCTTGTGGAAAGGACGAAACACCGAGTCCCAGGAACGGAGGTGGGTTTAAGAGCTATGCTGGAAACAGCATAG,,
GLI3.1,GATTTGGTTCAACCGCGGGA,ATATATCTTGTGGAAAGGACGAAACACCGGATTTGGTTCAACCGCGGGAGTTTAAGAGCTATGCTGGAAACAGCATAG,,
GRHL1.4,CGGCGAGAAGAGCGCCGGGG,ATATATCTTGTGGAAAGGACGAAACACCGCGGCGAGAAGAGCGCCGGGGGTTTAAGAGCTATGCTGGAAACAGCATAG,,
GSX2.1,ACTCGGGCAGCCTATCCCGA,ATATATCTTGTGGAAAGGACGAAACACCGACTCGGGCAGCCTATCCCGAGTTTAAGAGCTATGCTGGAAACAGCATAG,,
HDX.3,GAACCCAAGAGTTGGGAGGG,ATATATCTTGTGGAAAGGACGAAACACCGGAACCCAAGAGTTGGGAGGGGTTTAAGAGCTATGCTGGAAACAGCATAG,,
HHEX.2,CTTCCTGCCGCCGGGCCCTG,ATATATCTTGTGGAAAGGACGAAACACCGCTTCCTGCCGCCGGGCCCTGGTTTAAGAGCTATGCTGGAAACAGCATAG,,
HIC2.3,GGTCCCAGCACTAGGCGGGG,ATATATCTTGTGGAAAGGACGAAACACCGGGTCCCAGCACTAGGCGGGGGTTTAAGAGCTATGCTGGAAACAGCATAG,,
HIF1A.2,CAAGCCCGCCTCACCTGAGG,ATATATCTTGTGGAAAGGACGAAACACCGCAAGCCCGCCTCACCTGAGGGTTTAAGAGCTATGCTGGAAACAGCATAG,,
HOXA10.6,CTGAGGGCGCCCTCGGAGAG,ATATATCTTGTGGAAAGGACGAAACACCGCTGAGGGCGCCCTCGGAGAGGTTTAAGAGCTATGCTGGAAACAGCATAG,,
HOXA6.5,GGCAGCCGCAGTCAGGAAGG,ATATATCTTGTGGAAAGGACGAAACACCGGGCAGCCGCAGTCAGGAAGGGTTTAAGAGCTATGCTGGAAACAGCATAG,,
HOXA7.4,AAGAATCCGCCCGCGCCCGG,ATATATCTTGTGGAAAGGACGAAACACCGAAGAATCCGCCCGCGCCCGGGTTTAAGAGCTATGCTGGAAACAGCATAG,,
HOXD8.2,GCCTCCGCCGGCCTTAAAGG,ATATATCTTGTGGAAAGGACGAAACACCGGCCTCCGCCGGCCTTAAAGGGTTTAAGAGCTATGCTGGAAACAGCATAG,,
IKZF1.3,GCCTGGTCTGAGCCGGCTGG,ATATATCTTGTGGAAAGGACGAAACACCGGCCTGGTCTGAGCCGGCTGGGTTTAAGAGCTATGCTGGAAACAGCATAG,,
INSM1.5,GCGATGGGGCGGCCAAAAGG,ATATATCTTGTGGAAAGGACGAAACACCGGCGATGGGGCGGCCAAAAGGGTTTAAGAGCTATGCTGGAAACAGCATAG,,
IRF1.5,GGCTGCGTGCCGTCATTTCG,ATATATCTTGTGGAAAGGACGAAACACCGGGCTGCGTGCCGTCATTTCGGTTTAAGAGCTATGCTGGAAACAGCATAG,,
IRF2.2,GCTTGAAACAAACACTGGGG,ATATATCTTGTGGAAAGGACGAAACACCGGCTTGAAACAAACACTGGGGGTTTAAGAGCTATGCTGGAAACAGCATAG,,
IRF4.2,CCTCTCCCCAGTCCAACCCC,ATATATCTTGTGGAAAGGACGAAACACCGCCTCTCCCCAGTCCAACCCCGTTTAAGAGCTATGCTGGAAACAGCATAG,,
IRF4.3,CGGGGGTTGGACTGGGGAGA,ATATATCTTGTGGAAAGGACGAAACACCGCGGGGGTTGGACTGGGGAGAGTTTAAGAGCTATGCTGGAAACAGCATAG,,
IRX5.2,GACTGGCAGGAGCTTCTGGG,ATATATCTTGTGGAAAGGACGAAACACCGGACTGGCAGGAGCTTCTGGGGTTTAAGAGCTATGCTGGAAACAGCATAG,,
ISL1.1,ATTGGTCTGACGCAGCGCGC,ATATATCTTGTGGAAAGGACGAAACACCGATTGGTCTGACGCAGCGCGCGTTTAAGAGCTATGCTGGAAACAGCATAG,,
ISL1.2,CATTGGTCTGACGCAGCGCG,ATATATCTTGTGGAAAGGACGAAACACCGCATTGGTCTGACGCAGCGCGGTTTAAGAGCTATGCTGGAAACAGCATAG,,
ISL1.3,TTGGTCTGACGCAGCGCGCG,ATATATCTTGTGGAAAGGACGAAACACCGTTGGTCTGACGCAGCGCGCGGTTTAAGAGCTATGCTGGAAACAGCATAG,,
ISL1.4,ACGCAGCGCGCGGGGACGTC,ATATATCTTGTGGAAAGGACGAAACACCGACGCAGCGCGCGGGGACGTCGTTTAAGAGCTATGCTGGAAACAGCATAG,,
ISL1.5,CAACTCAGCTCCATCGCCAT,ATATATCTTGTGGAAAGGACGAAACACCGCAACTCAGCTCCATCGCCATGTTTAAGAGCTATGCTGGAAACAGCATAG,,
ISL1.6,CTGCGTCAGACCAATGGCGA,ATATATCTTGTGGAAAGGACGAAACACCGCTGCGTCAGACCAATGGCGAGTTTAAGAGCTATGCTGGAAACAGCATAG,,
KLF10.4,CCTGCCCCGGGGAACTCCAG,ATATATCTTGTGGAAAGGACGAAACACCGCCTGCCCCGGGGAACTCCAGGTTTAAGAGCTATGCTGGAAACAGCATAG,,
LHX6.3,TCCCCCTCCAGCTGCAACGG,ATATATCTTGTGGAAAGGACGAAACACCGTCCCCCTCCAGCTGCAACGGGTTTAAGAGCTATGCTGGAAACAGCATAG,,
LMX1A.1,CCAGAGGCGGAGGGGCTCAG,ATATATCTTGTGGAAAGGACGAAACACCGCCAGAGGCGGAGGGGCTCAGGTTTAAGAGCTATGCTGGAAACAGCATAG,,
LMX1A.2,CCTTTCCCAGCCTGGCTGCG,ATATATCTTGTGGAAAGGACGAAACACCGCCTTTCCCAGCCTGGCTGCGGTTTAAGAGCTATGCTGGAAACAGCATAG,,
LMX1A.3,GGAGCACCACGGCCCCGCCA,ATATATCTTGTGGAAAGGACGAAACACCGGGAGCACCACGGCCCCGCCAGTTTAAGAGCTATGCTGGAAACAGCATAG,,
LMX1A.4,AGAGGGCAGCGGCCGTGTGG,ATATATCTTGTGGAAAGGACGAAACACCGAGAGGGCAGCGGCCGTGTGGGTTTAAGAGCTATGCTGGAAACAGCATAG,,
LMX1A.5,CTCAGAGGGCAGCGGCCGTG,ATATATCTTGTGGAAAGGACGAAACACCGCTCAGAGGGCAGCGGCCGTGGTTTAAGAGCTATGCTGGAAACAGCATAG,,
LMX1A.6,GAGCACCACGGCCCCGCCAC,ATATATCTTGTGGAAAGGACGAAACACCGGAGCACCACGGCCCCGCCACGTTTAAGAGCTATGCTGGAAACAGCATAG,,
MAFB.4,CCTGCGCCGCTGGGCCGCGG,ATATATCTTGTGGAAAGGACGAAACACCGCCTGCGCCGCTGGGCCGCGGGTTTAAGAGCTATGCTGGAAACAGCATAG,,
MBD1.2,GATGTCGCGTGCCCTTAATA,ATATATCTTGTGGAAAGGACGAAACACCGGATGTCGCGTGCCCTTAATAGTTTAAGAGCTATGCTGGAAACAGCATAG,,
MBNL2.4,AGGGAGGAGGGCTAGGGAAA,ATATATCTTGTGGAAAGGACGAAACACCGAGGGAGGAGGGCTAGGGAAAGTTTAAGAGCTATGCTGGAAACAGCATAG,,
MECOM.5,GCCCCCCGCCGCCCTCCCCG,ATATATCTTGTGGAAAGGACGAAACACCGGCCCCCCGCCGCCCTCCCCGGTTTAAGAGCTATGCTGGAAACAGCATAG,,
MITF.3,GCCGAACTACAGATCCCAGG,ATATATCTTGTGGAAAGGACGAAACACCGGCCGAACTACAGATCCCAGGGTTTAAGAGCTATGCTGGAAACAGCATAG,,
MIXL1.5,GCTCGCACCCGGAGGAGACA,ATATATCTTGTGGAAAGGACGAAACACCGGCTCGCACCCGGAGGAGACAGTTTAAGAGCTATGCTGGAAACAGCATAG,,
MTF1.5,GGTTGGCTCAGGTTGTCAGG,ATATATCTTGTGGAAAGGACGAAACACCGGGTTGGCTCAGGTTGTCAGGGTTTAAGAGCTATGCTGGAAACAGCATAG,,
MXD3.3,TGAGACCACTCGGGGCGGGG,ATATATCTTGTGGAAAGGACGAAACACCGTGAGACCACTCGGGGCGGGGGTTTAAGAGCTATGCTGGAAACAGCATAG,,
MXI1.3,GGACCGGTCAAAATAAAAGG,ATATATCTTGTGGAAAGGACGAAACACCGGGACCGGTCAAAATAAAAGGGTTTAAGAGCTATGCTGGAAACAGCATAG,,
MYT1L.1,AAGCCTAGGAGAGGATGAGT,ATATATCTTGTGGAAAGGACGAAACACCGAAGCCTAGGAGAGGATGAGTGTTTAAGAGCTATGCTGGAAACAGCATAG,,
MYT1L.2,GAGTGGGAGCGTGTGCATGG,ATATATCTTGTGGAAAGGACGAAACACCGGAGTGGGAGCGTGTGCATGGGTTTAAGAGCTATGCTGGAAACAGCATAG,,
MYT1L.3,GCTCCCACTCATCCTCTCCT,ATATATCTTGTGGAAAGGACGAAACACCGGCTCCCACTCATCCTCTCCTGTTTAAGAGCTATGCTGGAAACAGCATAG,,
MYT1L.4,AAAGCCTAGGAGAGGATGAG,ATATATCTTGTGGAAAGGACGAAACACCGAAAGCCTAGGAGAGGATGAGGTTTAAGAGCTATGCTGGAAACAGCATAG,,
MYT1L.5,GATGAGTGGGAGCGTGTGCA,ATATATCTTGTGGAAAGGACGAAACACCGGATGAGTGGGAGCGTGTGCAGTTTAAGAGCTATGCTGGAAACAGCATAG,,
MYT1L.6,TGAGTGGGAGCGTGTGCATG,ATATATCTTGTGGAAAGGACGAAACACCGTGAGTGGGAGCGTGTGCATGGTTTAAGAGCTATGCTGGAAACAGCATAG,,
NANOG.1,TAGGGGGTGTGCCCGCCAGG,ATATATCTTGTGGAAAGGACGAAACACCGTAGGGGGTGTGCCCGCCAGGGTTTAAGAGCTATGCTGGAAACAGCATAG,,
NEUROD1.1,AGAACGGGGAGCGCACAGCC,ATATATCTTGTGGAAAGGACGAAACACCGAGAACGGGGAGCGCACAGCCGTTTAAGAGCTATGCTGGAAACAGCATAG,,
NEUROD1.2,AGGCGTGGGGAGAAGTGGGG,ATATATCTTGTGGAAAGGACGAAACACCGAGGCGTGGGGAGAAGTGGGGGTTTAAGAGCTATGCTGGAAACAGCATAG,,
NEUROD1.3,CACAGCCTGGACGCGTGCGC,ATATATCTTGTGGAAAGGACGAAACACCGCACAGCCTGGACGCGTGCGCGTTTAAGAGCTATGCTGGAAACAGCATAG,,
NEUROD1.4,CCGCTAGCTGAGGGGCTAGC,ATATATCTTGTGGAAAGGACGAAACACCGCCGCTAGCTGAGGGGCTAGCGTTTAAGAGCTATGCTGGAAACAGCATAG,,
NEUROD1.5,TGACGCCTGCGCACGCGTCC,ATATATCTTGTGGAAAGGACGAAACACCGTGACGCCTGCGCACGCGTCCGTTTAAGAGCTATGCTGGAAACAGCATAG,,
NEUROD1.6,TGGACGCGTGCGCAGGCGTC,ATATATCTTGTGGAAAGGACGAAACACCGTGGACGCGTGCGCAGGCGTCGTTTAAGAGCTATGCTGGAAACAGCATAG,,
NEUROD2.1,ATTGGCATGCGTCTGCACTG,ATATATCTTGTGGAAAGGACGAAACACCGATTGGCATGCGTCTGCACTGGTTTAAGAGCTATGCTGGAAACAGCATAG,,
NEUROD2.2,GAGTAGAGAGTGACAGATGG,ATATATCTTGTGGAAAGGACGAAACACCGGAGTAGAGAGTGACAGATGGGTTTAAGAGCTATGCTGGAAACAGCATAG,,
NEUROD2.3,TTGGAGTAGAGAGTGACAGA,ATATATCTTGTGGAAAGGACGAAACACCGTTGGAGTAGAGAGTGACAGAGTTTAAGAGCTATGCTGGAAACAGCATAG,,
NEUROD2.4,AGAGAGTGACAGATGGCGGC,ATATATCTTGTGGAAAGGACGAAACACCGAGAGAGTGACAGATGGCGGCGTTTAAGAGCTATGCTGGAAACAGCATAG,,
NEUROD2.6,TAGAGAGTGACAGATGGCGG,ATATATCTTGTGGAAAGGACGAAACACCGTAGAGAGTGACAGATGGCGGGTTTAAGAGCTATGCTGGAAACAGCATAG,,
NEUROD6.3,GAATGAAGGTCCCAAGAGAG,ATATATCTTGTGGAAAGGACGAAACACCGGAATGAAGGTCCCAAGAGAGGTTTAAGAGCTATGCTGGAAACAGCATAG,,
NEUROG1.3,CCCGGGTGAATGGAGCGAGG,ATATATCTTGTGGAAAGGACGAAACACCGCCCGGGTGAATGGAGCGAGGGTTTAAGAGCTATGCTGGAAACAGCATAG,,
NEUROG1.4,CAGCCCGGGTGAATGGAGCG,ATATATCTTGTGGAAAGGACGAAACACCGCAGCCCGGGTGAATGGAGCGGTTTAAGAGCTATGCTGGAAACAGCATAG,,
NEUROG2.1,AGCCAGAGGAGGGAAAAGCG,ATATATCTTGTGGAAAGGACGAAACACCGAGCCAGAGGAGGGAAAAGCGGTTTAAGAGCTATGCTGGAAACAGCATAG,,
NKX1-1.3,TCCACACGACCCCGCGCAGG,ATATATCTTGTGGAAAGGACGAAACACCGTCCACACGACCCCGCGCAGGGTTTAAGAGCTATGCTGGAAACAGCATAG,,
NKX2-1.1,GATCCGGGACAGCCTCCGGG,ATATATCTTGTGGAAAGGACGAAACACCGGATCCGGGACAGCCTCCGGGGTTTAAGAGCTATGCTGGAAACAGCATAG,,
NKX2-1.2,GGGGATCGACTGCCTCCCGG,ATATATCTTGTGGAAAGGACGAAACACCGGGGGATCGACTGCCTCCCGGGTTTAAGAGCTATGCTGGAAACAGCATAG,,
NKX2-1.3,GTAGGGGATCGACTGCCTCC,ATATATCTTGTGGAAAGGACGAAACACCGGTAGGGGATCGACTGCCTCCGTTTAAGAGCTATGCTGGAAACAGCATAG,,
NKX2-1.4,AGAGAATCCGAGCGGGCGGA,ATATATCTTGTGGAAAGGACGAAACACCGAGAGAATCCGAGCGGGCGGAGTTTAAGAGCTATGCTGGAAACAGCATAG,,
NKX2-1.5,GAGAATCCGAGCGGGCGGAG,ATATATCTTGTGGAAAGGACGAAACACCGGAGAATCCGAGCGGGCGGAGGTTTAAGAGCTATGCTGGAAACAGCATAG,,
NKX2-1.6,GGGGATCCGGGACAGCCTCC,ATATATCTTGTGGAAAGGACGAAACACCGGGGGATCCGGGACAGCCTCCGTTTAAGAGCTATGCTGGAAACAGCATAG,,
NO-TARGET.103,ATCTTCTCGACGAAAATGCG,ATATATCTTGTGGAAAGGACGAAACACCGATCTTCTCGACGAAAATGCGGTTTAAGAGCTATGCTGGAAACAGCATAG,,
NO-TARGET.118,ATTGCTCTGTCGCATCAATC,ATATATCTTGTGGAAAGGACGAAACACCGATTGCTCTGTCGCATCAATCGTTTAAGAGCTATGCTGGAAACAGCATAG,,
NO-TARGET.136,CACTTACACATGAGGCGGTA,ATATATCTTGTGGAAAGGACGAAACACCGCACTTACACATGAGGCGGTAGTTTAAGAGCTATGCTGGAAACAGCATAG,,
NO-TARGET.139,CAGCGGTGCTATTTGGTCTT,ATATATCTTGTGGAAAGGACGAAACACCGCAGCGGTGCTATTTGGTCTTGTTTAAGAGCTATGCTGGAAACAGCATAG,,
NO-TARGET.165,CCCGATGGACTATACCGAAC,ATATATCTTGTGGAAAGGACGAAACACCGCCCGATGGACTATACCGAACGTTTAAGAGCTATGCTGGAAACAGCATAG,,
NO-TARGET.202,CGCTAAATTGTCACACGTTT,ATATATCTTGTGGAAAGGACGAAACACCGCGCTAAATTGTCACACGTTTGTTTAAGAGCTATGCTGGAAACAGCATAG,,
NO-TARGET.232,CTCAACCGACCGTATGGTCA,ATATATCTTGTGGAAAGGACGAAACACCGCTCAACCGACCGTATGGTCAGTTTAAGAGCTATGCTGGAAACAGCATAG,,
NO-TARGET.243,CTGAGTGAAAAATAAAAGTT,ATATATCTTGTGGAAAGGACGAAACACCGCTGAGTGAAAAATAAAAGTTGTTTAAGAGCTATGCTGGAAACAGCATAG,,
NO-TARGET.263,GAATCGACCGACACTAATGT,ATATATCTTGTGGAAAGGACGAAACACCGGAATCGACCGACACTAATGTGTTTAAGAGCTATGCTGGAAACAGCATAG,,
NO-TARGET.280,GAGTTATTTATTCTCTCGAG,ATATATCTTGTGGAAAGGACGAAACACCGGAGTTATTTATTCTCTCGAGGTTTAAGAGCTATGCTGGAAACAGCATAG,,
NO-TARGET.32,ACATAGTCGACGGCTCGATT,ATATATCTTGTGGAAAGGACGAAACACCGACATAGTCGACGGCTCGATTGTTTAAGAGCTATGCTGGAAACAGCATAG,,
NO-TARGET.329,GGCGTCAAAATTAGAAGCCG,ATATATCTTGTGGAAAGGACGAAACACCGGGCGTCAAAATTAGAAGCCGGTTTAAGAGCTATGCTGGAAACAGCATAG,,
NO-TARGET.386,TAAAGCAGAAGAATATACAG,ATATATCTTGTGGAAAGGACGAAACACCGTAAAGCAGAAGAATATACAGGTTTAAGAGCTATGCTGGAAACAGCATAG,,
NO-TARGET.406,TAGGAGCTGTATCTAGTGGC,ATATATCTTGTGGAAAGGACGAAACACCGTAGGAGCTGTATCTAGTGGCGTTTAAGAGCTATGCTGGAAACAGCATAG,,
NO-TARGET.407,TAGGGGATTAGCTGACAGTC,ATATATCTTGTGGAAAGGACGAAACACCGTAGGGGATTAGCTGACAGTCGTTTAAGAGCTATGCTGGAAACAGCATAG,,
NO-TARGET.421,TCAATTCTCACTCACGACCA,ATATATCTTGTGGAAAGGACGAAACACCGTCAATTCTCACTCACGACCAGTTTAAGAGCTATGCTGGAAACAGCATAG,,
NO-TARGET.43,ACGTTCGAGTACGACCAGCT,ATATATCTTGTGGAAAGGACGAAACACCGACGTTCGAGTACGACCAGCTGTTTAAGAGCTATGCTGGAAACAGCATAG,,
NO-TARGET.435,TCGGGCAGTGAGTACAATAC,ATATATCTTGTGGAAAGGACGAAACACCGTCGGGCAGTGAGTACAATACGTTTAAGAGCTATGCTGGAAACAGCATAG,,
NO-TARGET.465,TGTAGTCTGGGGTAGACTCC,ATATATCTTGTGGAAAGGACGAAACACCGTGTAGTCTGGGGTAGACTCCGTTTAAGAGCTATGCTGGAAACAGCATAG,,
NO-TARGET.50,ACTGAGTGGGTAACACGCAT,ATATATCTTGTGGAAAGGACGAAACACCGACTGAGTGGGTAACACGCATGTTTAAGAGCTATGCTGGAAACAGCATAG,,
NPAS2.1,AGGCGGAGGCAGGCGAGGGG,ATATATCTTGTGGAAAGGACGAAACACCGAGGCGGAGGCAGGCGAGGGGGTTTAAGAGCTATGCTGGAAACAGCATAG,,
NPAS2.4,CGGAGGCAGGCGAGGGGAGG,ATATATCTTGTGGAAAGGACGAAACACCGCGGAGGCAGGCGAGGGGAGGGTTTAAGAGCTATGCTGGAAACAGCATAG,,
NR2C1.1,CAACGGGGAGAAGCGGCGAG,ATATATCTTGTGGAAAGGACGAAACACCGCAACGGGGAGAAGCGGCGAGGTTTAAGAGCTATGCTGGAAACAGCATAG,,
NR2E1.1,CAGACCCCGCCAGGAGTTGG,ATATATCTTGTGGAAAGGACGAAACACCGCAGACCCCGCCAGGAGTTGGGTTTAAGAGCTATGCTGGAAACAGCATAG,,
NR4A1.1,GTCGAGCTTTGGCCATACAA,ATATATCTTGTGGAAAGGACGAAACACCGGTCGAGCTTTGGCCATACAAGTTTAAGAGCTATGCTGGAAACAGCATAG,,
NR4A2.1,GAAATATACCAAAGCGAGCG,ATATATCTTGTGGAAAGGACGAAACACCGGAAATATACCAAAGCGAGCGGTTTAAGAGCTATGCTGGAAACAGCATAG,,
NR4A2.2,GGCCAGGAGTCCAGGGAGCG,ATATATCTTGTGGAAAGGACGAAACACCGGGCCAGGAGTCCAGGGAGCGGTTTAAGAGCTATGCTGGAAACAGCATAG,,
NR4A2.3,GTCCAGGGAGCGCGGCAGCG,ATATATCTTGTGGAAAGGACGAAACACCGGTCCAGGGAGCGCGGCAGCGGTTTAAGAGCTATGCTGGAAACAGCATAG,,
NR4A2.4,AAATATACCAAAGCGAGCGC,ATATATCTTGTGGAAAGGACGAAACACCGAAATATACCAAAGCGAGCGCGTTTAAGAGCTATGCTGGAAACAGCATAG,,
NR4A2.5,CGCGCGTCAGCGCGCGTCAG,ATATATCTTGTGGAAAGGACGAAACACCGCGCGCGTCAGCGCGCGTCAGGTTTAAGAGCTATGCTGGAAACAGCATAG,,
NR4A2.6,GCGGCAGCGCGGCGATTGGG,ATATATCTTGTGGAAAGGACGAAACACCGGCGGCAGCGCGGCGATTGGGGTTTAAGAGCTATGCTGGAAACAGCATAG,,
NR4A3.2,CGAACGCGCAGCCGGGAGAG,ATATATCTTGTGGAAAGGACGAAACACCGCGAACGCGCAGCCGGGAGAGGTTTAAGAGCTATGCTGGAAACAGCATAG,,
OLIG2.4,AACAATGTGCGTGTCCTGGA,ATATATCTTGTGGAAAGGACGAAACACCGAACAATGTGCGTGTCCTGGAGTTTAAGAGCTATGCTGGAAACAGCATAG,,
OLIG2.5,AATGAGCTGGGCCCGCCGGG,ATATATCTTGTGGAAAGGACGAAACACCGAATGAGCTGGGCCCGCCGGGGTTTAAGAGCTATGCTGGAAACAGCATAG,,
OVOL1.6,TGGGGTGGCCCGGGGAGCGA,ATATATCTTGTGGAAAGGACGAAACACCGTGGGGTGGCCCGGGGAGCGAGTTTAAGAGCTATGCTGGAAACAGCATAG,,
PAX7.3,TTATTCATGAGGAGGGAAGG,ATATATCTTGTGGAAAGGACGAAACACCGTTATTCATGAGGAGGGAAGGGTTTAAGAGCTATGCTGGAAACAGCATAG,,
PAX7.6,GGGGCCAGGGCGCAAGGGAG,ATATATCTTGTGGAAAGGACGAAACACCGGGGGCCAGGGCGCAAGGGAGGTTTAAGAGCTATGCTGGAAACAGCATAG,,
PAX9.3,GGGACACGCCCTAAAAGGGG,ATATATCTTGTGGAAAGGACGAAACACCGGGGACACGCCCTAAAAGGGGGTTTAAGAGCTATGCTGGAAACAGCATAG,,
PAX9.6,CTGGGGACACGCCCTAAAAG,ATATATCTTGTGGAAAGGACGAAACACCGCTGGGGACACGCCCTAAAAGGTTTAAGAGCTATGCTGGAAACAGCATAG,,
PBX1.1,GAGGACGAGAAGGAGGAGAG,ATATATCTTGTGGAAAGGACGAAACACCGGAGGACGAGAAGGAGGAGAGGTTTAAGAGCTATGCTGGAAACAGCATAG,,
PHOX2A.2,TCTGAGCCCTAAGACGGCGG,ATATATCTTGTGGAAAGGACGAAACACCGTCTGAGCCCTAAGACGGCGGGTTTAAGAGCTATGCTGGAAACAGCATAG,,
PITX1.1,GCGAGCGAGCGAGGGAGCGC,ATATATCTTGTGGAAAGGACGAAACACCGGCGAGCGAGCGAGGGAGCGCGTTTAAGAGCTATGCTGGAAACAGCATAG,,
POU2F1.2,GCGCGCGCCCGGGGAGAGGA,ATATATCTTGTGGAAAGGACGAAACACCGGCGCGCGCCCGGGGAGAGGAGTTTAAGAGCTATGCTGGAAACAGCATAG,,
POU3F2.1,CCGGCCTGGGAGGTTGCTAG,ATATATCTTGTGGAAAGGACGAAACACCGCCGGCCTGGGAGGTTGCTAGGTTTAAGAGCTATGCTGGAAACAGCATAG,,
POU3F2.2,TCCACGTAAATCAAAGGGCG,ATATATCTTGTGGAAAGGACGAAACACCGTCCACGTAAATCAAAGGGCGGTTTAAGAGCTATGCTGGAAACAGCATAG,,
POU3F2.3,TCCGCGCCCTTTGATTTACG,ATATATCTTGTGGAAAGGACGAAACACCGTCCGCGCCCTTTGATTTACGGTTTAAGAGCTATGCTGGAAACAGCATAG,,
POU3F2.4,CGGTATCCACGTAAATCAAA,ATATATCTTGTGGAAAGGACGAAACACCGCGGTATCCACGTAAATCAAAGTTTAAGAGCTATGCTGGAAACAGCATAG,,
POU3F2.5,GCGGTATCCACGTAAATCAA,ATATATCTTGTGGAAAGGACGAAACACCGGCGGTATCCACGTAAATCAAGTTTAAGAGCTATGCTGGAAACAGCATAG,,
POU3F2.6,TCAAAGGGCGCGGAGCCAAT,ATATATCTTGTGGAAAGGACGAAACACCGTCAAAGGGCGCGGAGCCAATGTTTAAGAGCTATGCTGGAAACAGCATAG,,
POU6F1.6,TCCCGCTCGGCCAGGGCCAG,ATATATCTTGTGGAAAGGACGAAACACCGTCCCGCTCGGCCAGGGCCAGGTTTAAGAGCTATGCTGGAAACAGCATAG,,
PRDM6.5,AGGCAGGCCAGAAGAAGGGG,ATATATCTTGTGGAAAGGACGAAACACCGAGGCAGGCCAGAAGAAGGGGGTTTAAGAGCTATGCTGGAAACAGCATAG,,
RBPJ.5,CGTCTGGCTCTTCGCGGCGG,ATATATCTTGTGGAAAGGACGAAACACCGCGTCTGGCTCTTCGCGGCGGGTTTAAGAGCTATGCTGGAAACAGCATAG,,
RFX4.1,ATTCAAAACAGGCCCACAAT,ATATATCTTGTGGAAAGGACGAAACACCGATTCAAAACAGGCCCACAATGTTTAAGAGCTATGCTGGAAACAGCATAG,,
RFX4.2,CGCACTGTGAAGCCCATTGT,ATATATCTTGTGGAAAGGACGAAACACCGCGCACTGTGAAGCCCATTGTGTTTAAGAGCTATGCTGGAAACAGCATAG,,
RFX4.5,AAAGCCGCCTCCGAAAAGGG,ATATATCTTGTGGAAAGGACGAAACACCGAAAGCCGCCTCCGAAAAGGGGTTTAAGAGCTATGCTGGAAACAGCATAG,,
RORA.1,CCCTCCGCTTCCTCCCGGGG,ATATATCTTGTGGAAAGGACGAAACACCGCCCTCCGCTTCCTCCCGGGGGTTTAAGAGCTATGCTGGAAACAGCATAG,,
RXRA.5,CGGCGCCGCAGCGCCGCGGT,ATATATCTTGTGGAAAGGACGAAACACCGCGGCGCCGCAGCGCCGCGGTGTTTAAGAGCTATGCTGGAAACAGCATAG,,
SALL3.4,CCGCGGCCGCTCGCTCCGGG,ATATATCTTGTGGAAAGGACGAAACACCGCCGCGGCCGCTCGCTCCGGGGTTTAAGAGCTATGCTGGAAACAGCATAG,,
SATB1.1,AAGGGATGGGGATTAAAACC,ATATATCTTGTGGAAAGGACGAAACACCGAAGGGATGGGGATTAAAACCGTTTAAGAGCTATGCTGGAAACAGCATAG,,
SATB1.2,AGGGATGGGGATTAAAACCC,ATATATCTTGTGGAAAGGACGAAACACCGAGGGATGGGGATTAAAACCCGTTTAAGAGCTATGCTGGAAACAGCATAG,,
SATB1.3,ATGGGGATTAAAACCCGGGC,ATATATCTTGTGGAAAGGACGAAACACCGATGGGGATTAAAACCCGGGCGTTTAAGAGCTATGCTGGAAACAGCATAG,,
SATB1.4,CGGAGCGGGCGGAAAAGGGA,ATATATCTTGTGGAAAGGACGAAACACCGCGGAGCGGGCGGAAAAGGGAGTTTAAGAGCTATGCTGGAAACAGCATAG,,
SATB1.5,GGATTAAAACCCGGGCTGGA,ATATATCTTGTGGAAAGGACGAAACACCGGGATTAAAACCCGGGCTGGAGTTTAAGAGCTATGCTGGAAACAGCATAG,,
SATB1.6,GGGATTAAAACCCGGGCTGG,ATATATCTTGTGGAAAGGACGAAACACCGGGGATTAAAACCCGGGCTGGGTTTAAGAGCTATGCTGGAAACAGCATAG,,
SGSM2.5,AGGCCGTGCGCGCCTAGGGG,ATATATCTTGTGGAAAGGACGAAACACCGAGGCCGTGCGCGCCTAGGGGGTTTAAGAGCTATGCTGGAAACAGCATAG,,
SIX4.2,GCTATTTCGCATTCAGAGGG,ATATATCTTGTGGAAAGGACGAAACACCGGCTATTTCGCATTCAGAGGGGTTTAAGAGCTATGCTGGAAACAGCATAG,,
SIX6.6,GGGCGCTGTCGAGCACGGGG,ATATATCTTGTGGAAAGGACGAAACACCGGGGCGCTGTCGAGCACGGGGGTTTAAGAGCTATGCTGGAAACAGCATAG,,
SLC17A6.1,ATTGGAAGGGGAGGATCCGG,ATATATCTTGTGGAAAGGACGAAACACCGATTGGAAGGGGAGGATCCGGGTTTAAGAGCTATGCTGGAAACAGCATAG,,
SLC17A6.2,CCGCATCTACCCAAATACCG,ATATATCTTGTGGAAAGGACGAAACACCGCCGCATCTACCCAAATACCGGTTTAAGAGCTATGCTGGAAACAGCATAG,,
SLC17A6.3,GAAAGTCTCATTGGAAGGGG,ATATATCTTGTGGAAAGGACGAAACACCGGAAAGTCTCATTGGAAGGGGGTTTAAGAGCTATGCTGGAAACAGCATAG,,
SLC17A6.4,AAAGAGCGCAAGCAGTGCCA,ATATATCTTGTGGAAAGGACGAAACACCGAAAGAGCGCAAGCAGTGCCAGTTTAAGAGCTATGCTGGAAACAGCATAG,,
SLC17A6.5,ATCAGAAAGTCTCATTGGAA,ATATATCTTGTGGAAAGGACGAAACACCGATCAGAAAGTCTCATTGGAAGTTTAAGAGCTATGCTGGAAACAGCATAG,,
SLC17A6.6,TCAGAAAGTCTCATTGGAAG,ATATATCTTGTGGAAAGGACGAAACACCGTCAGAAAGTCTCATTGGAAGGTTTAAGAGCTATGCTGGAAACAGCATAG,,
SLC17A7.1,GAGGATGAAAGGGCTGCGAG,ATATATCTTGTGGAAAGGACGAAACACCGGAGGATGAAAGGGCTGCGAGGTTTAAGAGCTATGCTGGAAACAGCATAG,,
SLC17A7.2,GGGGCGGGTCTGACAGACGA,ATATATCTTGTGGAAAGGACGAAACACCGGGGGCGGGTCTGACAGACGAGTTTAAGAGCTATGCTGGAAACAGCATAG,,
SLC17A7.3,GGTCTTGGAAGGCTCAGGAG,ATATATCTTGTGGAAAGGACGAAACACCGGGTCTTGGAAGGCTCAGGAGGTTTAAGAGCTATGCTGGAAACAGCATAG,,
SLC17A7.4,GATGAAAGGGCTGCGAGAGG,ATATATCTTGTGGAAAGGACGAAACACCGGATGAAAGGGCTGCGAGAGGGTTTAAGAGCTATGCTGGAAACAGCATAG,,
SLC17A7.5,GGATGAAAGGGCTGCGAGAG,ATATATCTTGTGGAAAGGACGAAACACCGGGATGAAAGGGCTGCGAGAGGTTTAAGAGCTATGCTGGAAACAGCATAG,,
SLC17A7.6,GTGGTCTTGGAAGGCTCAGG,ATATATCTTGTGGAAAGGACGAAACACCGGTGGTCTTGGAAGGCTCAGGGTTTAAGAGCTATGCTGGAAACAGCATAG,,
SLC6A1.1,AGGGCTATACCCGAGCTGGG,ATATATCTTGTGGAAAGGACGAAACACCGAGGGCTATACCCGAGCTGGGGTTTAAGAGCTATGCTGGAAACAGCATAG,,
SLC6A1.2,GGCAGGGCTATACCCGAGCT,ATATATCTTGTGGAAAGGACGAAACACCGGGCAGGGCTATACCCGAGCTGTTTAAGAGCTATGCTGGAAACAGCATAG,,
SLC6A1.3,GGGCAGGGCTATACCCGAGC,ATATATCTTGTGGAAAGGACGAAACACCGGGGCAGGGCTATACCCGAGCGTTTAAGAGCTATGCTGGAAACAGCATAG,,
SLC6A1.4,GGGCTATACCCGAGCTGGGC,ATATATCTTGTGGAAAGGACGAAACACCGGGGCTATACCCGAGCTGGGCGTTTAAGAGCTATGCTGGAAACAGCATAG,,
SLC6A1.5,GGGGAGCGCTGGGCGGGGGC,ATATATCTTGTGGAAAGGACGAAACACCGGGGGAGCGCTGGGCGGGGGCGTTTAAGAGCTATGCTGGAAACAGCATAG,,
SLC6A1.6,GGGGGCGGGCGGTGCGGGCA,ATATATCTTGTGGAAAGGACGAAACACCGGGGGGCGGGCGGTGCGGGCAGTTTAAGAGCTATGCTGGAAACAGCATAG,,
SP100.1,AAAGTATTTAACCTCCTTCT,ATATATCTTGTGGAAAGGACGAAACACCGAAAGTATTTAACCTCCTTCTGTTTAAGAGCTATGCTGGAAACAGCATAG,,
TBX2.2,GCTCAGGCCAAGCTCCGGCC,ATATATCTTGTGGAAAGGACGAAACACCGGCTCAGGCCAAGCTCCGGCCGTTTAAGAGCTATGCTGGAAACAGCATAG,,
TCF12.3,TGCCGGCCCCACTTCCTAGG,ATATATCTTGTGGAAAGGACGAAACACCGTGCCGGCCCCACTTCCTAGGGTTTAAGAGCTATGCTGGAAACAGCATAG,,
TCF12.6,GGCCGGCAGAGGGGGCGGGG,ATATATCTTGTGGAAAGGACGAAACACCGGGCCGGCAGAGGGGGCGGGGGTTTAAGAGCTATGCTGGAAACAGCATAG,,
TFAP2D.2,AGCTTTCAGCATCCAGGGAG,ATATATCTTGTGGAAAGGACGAAACACCGAGCTTTCAGCATCCAGGGAGGTTTAAGAGCTATGCTGGAAACAGCATAG,,
TFAP4.5,ATTCCTTACTCCGCGGAAGG,ATATATCTTGTGGAAAGGACGAAACACCGATTCCTTACTCCGCGGAAGGGTTTAAGAGCTATGCTGGAAACAGCATAG,,
THRA.3,GAGCCCCAGCCGGAGCGGGG,ATATATCTTGTGGAAAGGACGAAACACCGGAGCCCCAGCCGGAGCGGGGGTTTAAGAGCTATGCTGGAAACAGCATAG,,
TIGD2.3,TCGCCGGAGTCCCCTCCCCC,ATATATCTTGTGGAAAGGACGAAACACCGTCGCCGGAGTCCCCTCCCCCGTTTAAGAGCTATGCTGGAAACAGCATAG,,
TRAFD1.6,GCGCGCCCATTGGCCAGGGG,ATATATCTTGTGGAAAGGACGAAACACCGGCGCGCCCATTGGCCAGGGGGTTTAAGAGCTATGCTGGAAACAGCATAG,,
TRERF1.3,GCCATCGCTTAGAGGGAAGG,ATATATCTTGTGGAAAGGACGAAACACCGGCCATCGCTTAGAGGGAAGGGTTTAAGAGCTATGCTGGAAACAGCATAG,,
VAX2.4,GCCAGGAGCGGGGCCTGAGG,ATATATCTTGTGGAAAGGACGAAACACCGGCCAGGAGCGGGGCCTGAGGGTTTAAGAGCTATGCTGGAAACAGCATAG,,
WT1.5,TCAGCAGCCCAAGCCCGGCC,ATATATCTTGTGGAAAGGACGAAACACCGTCAGCAGCCCAAGCCCGGCCGTTTAAGAGCTATGCTGGAAACAGCATAG,,
ZBTB5.6,TGCAGCCCAACTGGGAGAGG,ATATATCTTGTGGAAAGGACGAAACACCGTGCAGCCCAACTGGGAGAGGGTTTAAGAGCTATGCTGGAAACAGCATAG,,
ZNF18.5,GCTGCAACGCCAGAGAGAGG,ATATATCTTGTGGAAAGGACGAAACACCGGCTGCAACGCCAGAGAGAGGGTTTAAGAGCTATGCTGGAAACAGCATAG,,
ZNF18.6,TGGGCTGCAACGCCAGAGAG,ATATATCTTGTGGAAAGGACGAAACACCGTGGGCTGCAACGCCAGAGAGGTTTAAGAGCTATGCTGGAAACAGCATAG,,
ZNF273.3,CTGTCATTCAGGGCCTGAGG,ATATATCTTGTGGAAAGGACGAAACACCGCTGTCATTCAGGGCCTGAGGGTTTAAGAGCTATGCTGGAAACAGCATAG,,
ZNF276.6,CCTCGGGCCCGAGAGGGGAG,ATATATCTTGTGGAAAGGACGAAACACCGCCTCGGGCCCGAGAGGGGAGGTTTAAGAGCTATGCTGGAAACAGCATAG,,
ZNF280D.1,CAGGGAGCTCGGACACGGGG,ATATATCTTGTGGAAAGGACGAAACACCGCAGGGAGCTCGGACACGGGGGTTTAAGAGCTATGCTGGAAACAGCATAG,,
ZNF300.4,CATGCTTCTGACGAAAGGGG,ATATATCTTGTGGAAAGGACGAAACACCGCATGCTTCTGACGAAAGGGGGTTTAAGAGCTATGCTGGAAACAGCATAG,,
ZNF319.6,GGCGGCCAATGCGGGAGGAG,ATATATCTTGTGGAAAGGACGAAACACCGGGCGGCCAATGCGGGAGGAGGTTTAAGAGCTATGCTGGAAACAGCATAG,,
ZNF335.4,AATCGGGTCTCAACAGACTC,ATATATCTTGTGGAAAGGACGAAACACCGAATCGGGTCTCAACAGACTCGTTTAAGAGCTATGCTGGAAACAGCATAG,,
ZNF385A.5,CTAAGGAGTTTGGGGGAGGG,ATATATCTTGTGGAAAGGACGAAACACCGCTAAGGAGTTTGGGGGAGGGGTTTAAGAGCTATGCTGGAAACAGCATAG,,
ZNF398.5,CCGAAGCCCAAGAGCTGGGG,ATATATCTTGTGGAAAGGACGAAACACCGCCGAAGCCCAAGAGCTGGGGGTTTAAGAGCTATGCTGGAAACAGCATAG,,
ZNF442.6,TGTCAATCAGTTCCCTGGGG,ATATATCTTGTGGAAAGGACGAAACACCGTGTCAATCAGTTCCCTGGGGGTTTAAGAGCTATGCTGGAAACAGCATAG,,
ZNF462.2,AGAGCGCGCGAGGGAGAGGG,ATATATCTTGTGGAAAGGACGAAACACCGAGAGCGCGCGAGGGAGAGGGGTTTAAGAGCTATGCTGGAAACAGCATAG,,
ZNF483.6,GACCATGCGCAACAGGCAGG,ATATATCTTGTGGAAAGGACGAAACACCGGACCATGCGCAACAGGCAGGGTTTAAGAGCTATGCTGGAAACAGCATAG,,
ZNF492.3,TGTCACTCAGGGCCTGAGGG,ATATATCTTGTGGAAAGGACGAAACACCGTGTCACTCAGGGCCTGAGGGGTTTAAGAGCTATGCTGGAAACAGCATAG,,
ZNF559.5,GACACTTGCGCTCTTCGGGG,ATATATCTTGTGGAAAGGACGAAACACCGGACACTTGCGCTCTTCGGGGGTTTAAGAGCTATGCTGGAAACAGCATAG,,
ZNF577.5,CTCGCAAGTTTCGGGGATGG,ATATATCTTGTGGAAAGGACGAAACACCGCTCGCAAGTTTCGGGGATGGGTTTAAGAGCTATGCTGGAAACAGCATAG,,
ZNF610.2,CGCGCGCGCAGCATAGAGAG,ATATATCTTGTGGAAAGGACGAAACACCGCGCGCGCGCAGCATAGAGAGGTTTAAGAGCTATGCTGGAAACAGCATAG,,
ZNF662.5,TCCTCCTTTCTCGCTCGGGG,ATATATCTTGTGGAAAGGACGAAACACCGTCCTCCTTTCTCGCTCGGGGGTTTAAGAGCTATGCTGGAAACAGCATAG,,
ZNF681.5,GTCACTCAGGACCTGAGGGG,ATATATCTTGTGGAAAGGACGAAACACCGGTCACTCAGGACCTGAGGGGGTTTAAGAGCTATGCTGGAAACAGCATAG,,
ZNF70.6,GTCCTTGTGTCCCGGGGCCC,ATATATCTTGTGGAAAGGACGAAACACCGGTCCTTGTGTCCCGGGGCCCGTTTAAGAGCTATGCTGGAAACAGCATAG,,
ZNF701.6,GGGCCTGATCGAGGTAGAGG,ATATATCTTGTGGAAAGGACGAAACACCGGGGCCTGATCGAGGTAGAGGGTTTAAGAGCTATGCTGGAAACAGCATAG,,
ZNF705G.4,GTGTTCCAAATGCAATCAGG,ATATATCTTGTGGAAAGGACGAAACACCGGTGTTCCAAATGCAATCAGGGTTTAAGAGCTATGCTGGAAACAGCATAG,,
ZNF768.3,GGGCTTCGCGACTACCCCGG,ATATATCTTGTGGAAAGGACGAAACACCGGGGCTTCGCGACTACCCCGGGTTTAAGAGCTATGCTGGAAACAGCATAG,,
ZNF781.5,CGCAGCCGCCTCCCGACTGG,ATATATCTTGTGGAAAGGACGAAACACCGCGCAGCCGCCTCCCGACTGGGTTTAAGAGCTATGCTGGAAACAGCATAG,,
ZNF865.1,CGTGGAGGATCGGAAAGAGG,ATATATCTTGTGGAAAGGACGAAACACCGCGTGGAGGATCGGAAAGAGGGTTTAAGAGCTATGCTGGAAACAGCATAG,,
ZSCAN10.3,TTGGGAGCGGGATGGGAAGA,ATATATCTTGTGGAAAGGACGAAACACCGTTGGGAGCGGGATGGGAAGAGTTTAAGAGCTATGCTGGAAACAGCATAG,,
,,,,
,,,,
,,,,
,,,,
,,,,
,,,,
,,,,
,,,,
,,,,
,,,,
,,,,
,,,,
,,,,
,,,,
,,,,
,,,,
,,,,
,,,,
,,,,
,,,,
,,,,
,,,,
,,,,
,,,,
,,,,
,,,,
,,,,
,,,,
,,,,
,,,,
,,,,
,,,,
,,,,
,,,,
,,,,
,,,,
,,,,
,,,,
,,,,
,,,,
,,,,
,,,,
,,,,
,,,,
,,,,
,,,,
,,,,
,,,,
,,,,
,,,,
,,,,
,,,,
,,,,
,,,,
,,,,
,,,,
,,,,
,,,,
,,,,
,,,,
,,,,
,,,,
,,,,
,,,,
,,,,
,,,,
,,,,
,,,,
,,,,
,,,,
,,,,
,,,,
,,,,
,,,,
,,,,
,,,,
,,,,
,,,,
,,,,
,,,,
,,,,
,,,,
,,,,
,,,,
,,,,
,,,,
,,,,
,,,,
,,,,
,,,,
,,,,
,,,,
,,,,
,,,,
,,,,
,,,,
,,,,
,,,,
,,,,
,,,,
,,,,
,,,,
,,,,
,,,,
,,,,
,,,,
,,,,
,,,,
,,,,
,,,,
,,,,
,,,,
,,,,
,,,,
,,,,
,,,,
,,,,
,,,,
,,,,
,,,,
,,,,
,,,,
,,,,
,,,,
,,,,
,,,,
,,,,
,,,,
,,,,
,,,,
,,,,
,,,,
,,,,
,,,,
,,,,
,,,,
,,,,
,,,,
,,,,
,,,,
,,,,
,,,,
,,,,
,,,,
,,,,
,,,,
,,,,
,,,,
,,,,
,,,,
,,,,
,,,,
,,,,
,,,,
,,,,
,,,,
,,,,
,,,,
,,,,
,,,,
,,,,
,,,,
,,,,
,,,,
,,,,
,,,,
,,,,
,,,,
,,,,
,,,,
,,,,
,,,,
,,,,
,,,,
,,,,
,,,,
,,,,
,,,,
,,,,
,,,,
,,,,
,,,,
,,,,
,,,,
,,,,
,,,,
,,,,
,,,,
,,,,
,,,,
,,,,
,,,,
,,,,
,,,,
,,,,
,,,,
,,,,
,,,,
,,,,
,,,,
,,,,
,,,,
,,,,
,,,,
,,,,
,,,,
,,,,
,,,,
,,,,
,,,,
,,,,
,,,,
,,,,
,,,,
,,,,
,,,,
,,,,
,,,,
,,,,
,,,,
,,,,
,,,,
,,,,
,,,,
,,,,
,,,,
,,,,
,,,,
,,,,
,,,,
,,,,
,,,,
,,,,
,,,,
,,,,
,,,,
,,,,
,,,,
,,,,
,,,,
,,,,
,,,,
,,,,
,,,,
,,,,
,,,,
,,,,
,,,,
,,,,
,,,,
,,,,
,,,,
,,,,
,,,,
,,,,
,,,,
,,,,
,,,,
,,,,
,,,,
,,,,
,,,,
,,,,
,,,,
,,,,
,,,,
,,,,
,,,,
,,,,
,,,,
,,,,
,,,,
,,,,
,,,,
,,,,
,,,,
,,,,
,,,,
,,,,
,,,,
,,,,
,,,,
,,,,
,,,,
,,,,
,,,,
,,,,
,,,,
,,,,
,,,,
,,,,
,,,,
,,,,
,,,,
,,,,
,,,,
,,,,
,,,,
,,,,
,,,,
,,,,
,,,,
,,,,
,,,,
,,,,
,,,,
,,,,
,,,,
,,,,
,,,,
,,,,
,,,,
,,,,
,,,,
,,,,
,,,,
,,,,
,,,,
,,,,
,,,,
,,,,
,,,,
,,,,
,,,,
,,,,
,,,,
,,,,
,,,,
,,,,
,,,,
,,,,
,,,,
,,,,
,,,,
,,,,
,,,,
,,,,
,,,,
,,,,
,,,,
,,,,
,,,,
,,,,
,,,,
,,,,
,,,,
,,,,
,,,,
,,,,
,,,,
,,,,
,,,,
,,,,
,,,,
,,,,
,,,,
,,,,
,,,,
,,,,
,,,,
,,,,
,,,,
,,,,
,,,,
,,,,
,,,,
,,,,
,,,,
,,,,
,,,,
,,,,
,,,,
,,,,
,,,,
,,,,
,,,,
,,,,
,,,,
,,,,
,,,,
,,,,
,,,,
,,,,
,,,,
,,,,
,,,,
,,,,
,,,,
,,,,
,,,,
,,,,
,,,,
,,,,
,,,,
,,,,
,,,,
,,,,
,,,,
,,,,
,,,,
,,,,
,,,,
,,,,
,,,,
,,,,
,,,,
,,,,
,,,,
,,,,
,,,,
,,,,
,,,,
,,,,
,,,,
,,,,
,,,,
,,,,
,,,,
,,,,
,,,,
,,,,
,,,,
,,,,
,,,,
,,,,
,,,,
,,,,
,,,,
,,,,
,,,,
,,,,
,,,,
,,,,
,,,,
,,,,
,,,,
,,,,
,,,,
,,,,
,,,,
,,,,
,,,,
,,,,
,,,,
,,,,
,,,,
,,,,
,,,,
,,,,
,,,,
,,,,
,,,,
,,,,
,,,,
,,,,
,,,,
,,,,
,,,,
,,,,
,,,,
,,,,
,,,,
,,,,
,,,,
,,,,
,,,,
,,,,
,,,,
,,,,
,,,,
,,,,
,,,,
,,,,
,,,,
,,,,
,,,,
,,,,
,,,,
,,,,
,,,,
,,,,
,,,,
,,,,
,,,,
,,,,
,,,,
,,,,
,,,,
,,,,
,,,,
,,,,
,,,,
,,,,
,,,,
,,,,
,,,,
,,,,
,,,,
,,,,
,,,,
,,,,
,,,,
,,,,
,,,,
,,,,
,,,,
,,,,
,,,,
,,,,
,,,,
,,,,
,,,,
,,,,
,,,,
,,,,
,,,,
,,,,
,,,,
,,,,
,,,,
,,,,
,,,,
,,,,
,,,,
,,,,
,,,,
,,,,
,,,,
,,,,
,,,,
,,,,
,,,,
,,,,
,,,,
,,,,
,,,,
,,,,
,,,,
,,,,
,,,,
,,,,
,,,,
,,,,
,,,,
,,,,
,,,,
,,,,
,,,,
,,,,
,,,,
,,,,
,,,,
,,,,
,,,,
,,,,
,,,,
,,,,
,,,,
,,,,
,,,,
,,,,
,,,,
,,,,
,,,,
,,,,
,,,,
,,,,
,,,,
,,,,
,,,,
,,,,
,,,,
,,,,
,,,,
,,,,
,,,,
,,,,
,,,,
,,,,
,,,,
,,,,
,,,,
,,,,
,,,,
,,,,
,,,,
,,,,
,,,,
,,,,
,,,,
,,,,
,,,,
,,,,
,,,,
,,,,
,,,,
,,,,
,,,,
,,,,
,,,,
,,,,
,,,,
,,,,
,,,,
,,,,
,,,,
,,,,
,,,,
,,,,
,,,,
,,,,
,,,,
,,,,
,,,,
,,,,
,,,,
,,,,
,,,,
,,,,
,,,,
,,,,
,,,,
,,,,
,,,,
,,,,
,,,,
,,,,
,,,,
,,,,
,,,,
,,,,
,,,,
,,,,
,,,,
,,,,
,,,,
,,,,
,,,,
,,,,
,,,,
,,,,
,,,,
,,,,
,,,,
,,,,
,,,,
,,,,
,,,,
,,,,
,,,,
,,,,
,,,,
,,,,
,,,,
,,,,
,,,,
,,,,
,,,,
,,,,
,,,,
,,,,
,,,,
,,,,
,,,,
,,,,
,,,,
,,,,
,,,,
,,,,
,,,,
,,,,
,,,,
,,,,
,,,,
,,,,
,,,,
,,,,
,,,,
,,,,
,,,,
,,,,
,,,,
,,,,
,,,,
,,,,
,,,,
,,,,
,,,,
,,,,
,,,,
,,,,
,,,,
,,,,
,,,,
,,,,
,,,,
,,,,
,,,,
,,,,
,,,,
,,,,
,,,,
,,,,
,,,,
,,,,
,,,,
,,,,
,,,,
,,,,
,,,,
,,,,
,,,,
,,,,
,,,,
,,,,
,,,,
,,,,
,,,,
,,,,
,,,,
,,,,
,,,,
,,,,
,,,,
,,,,
,,,,
,,,,
,,,,
,,,,
,,,,
,,,,
,,,,
,,,,
,,,,
,,,,
,,,,
,,,,
,,,,
,,,,
,,,,
,,,,
,,,,
,,,,
,,,,
,,,,
,,,,
,,,,
,,,,
,,,,
,,,,
,,,,
,,,,
,,,,
,,,,
,,,,
,,,,
,,,,
,,,,
,,,,
,,,,
,,,,
,,,,
,,,,
,,,,
,,,,
,,,,
,,,,
,,,,
,,,,
,,,,
,,,,
,,,,
,,,,
,,,,
,,,,
,,,,
,,,,
,,,,
,,,,
,,,,
,,,,
,,,,
,,,,
,,,,
,,,,
,,,,
,,,,
,,,,
,,,,
,,,,
,,,,
,,,,
,,,,
,,,,
,,,,
,,,,
,,,,
,,,,
,,,,
,,,,
,,,,
,,,,
,,,,
,,,,
,,,,
,,,,
,,,,
,,,,
,,,,
,,,,
,,,,
,,,,
,,,,
,,,,
,,,,
,,,,
,,,,
,,,,
,,,,
,,,,
,,,,
,,,,
,,,,
,,,,
,,,,
,,,,
,,,,
,,,,
,,,,
,,,,
,,,,
,,,,
,,,,
,,,,
,,,,
,,,,
,,,,
,,,,
,,,,
,,,,
,,,,
,,,,
,,,,
,,,,
,,,,
,,,,
,,,,
,,,,
,,,,
,,,,
,,,,
,,,,
,,,,
,,,,
,,,,
,,,,
,,,,
,,,,
,,,,
,,,,
,,,,
,,,,
,,,,
,,,,
,,,,
,,,,
,,,,
,,,,
,,,,
,,,,
,,,,
,,,,
,,,,
,,,,
,,,,
,,,,
,,,,
,,,,
,,,,
,,,,
,,,,
,,,,
,,,,
,,,,
,,,,
,,,,
,,,,
,,,,
,,,,
,,,,
,,,,
,,,,
,,,,
,,,,
,,,,
,,,,
,,,,
,,,,
,,,,
,,,,
,,,,
,,,,
,,,,
,,,,
,,,,
,,,,
,,,,
,,,,
,,,,
,,,,
,,,,
,,,,
,,,,
,,,,
,,,,
,,,,
,,,,
,,,,
,,,,
,,,,
,,,,
,,,,
,,,,
,,,,
,,,,
,,,,
,,,,
,,,,
,,,,
,,,,
,,,,
,,,,
,,,,
,,,,
,,,,
,,,,
,,,,
,,,,
,,,,
,,,,
,,,,
,,,,
,,,,
,,,,
,,,,
,,,,
,,,,
,,,,
,,,,
,,,,
,,,,
,,,,
,,,,
,,,,
,,,,
,,,,
,,,,
,,,,
,,,,
,,,,
,,,,
,,,,
,,,,
,,,,
,,,,
,,,,
,,,,
,,,,
,,,,
,,,,
,,,,
,,,,
,,,,
,,,,
,,,,
,,,,
,,,,
,,,,
,,,,
,,,,
,,,,
,,,,
,,,,
,,,,
,,,,
,,,,
,,,,
,,,,
,,,,
,,,,
,,,,
,,,,
,,,,
,,,,
,,,,
,,,,
,,,,
,,,,
,,,,
,,,,
,,,,
,,,,
,,,,
,,,,
,,,,
,,,,
,,,,
,,,,
,,,,
,,,,
,,,,
,,,,
,,,,
,,,,
,,,,
,,,,
,,,,
,,,,
,,,,
,,,,
,,,,
,,,,
,,,,
,,,,
,,,,
,,,,
,,,,
,,,,
,,,,
,,,,
,,,,
,,,,
,,,,
,,,,
,,,,
,,,,
,,,,
,,,,
,,,,
,,,,
,,,,
,,,,
,,,,
,,,,
,,,,
,,,,
,,,,
,,,,
,,,,
,,,,
,,,,
,,,,
,,,,
,,,,
,,,,
,,,,
,,,,
,,,,
,,,,
,,,,
,,,,
,,,,
,,,,
,,,,
,,,,
,,,,
,,,,
,,,,
,,,,
,,,,
,,,,
,,,,
,,,,
,,,,
,,,,
,,,,
,,,,
,,,,
,,,,
,,,,
,,,,
,,,,
,,,,
,,,,
,,,,
,,,,
,,,,
,,,,
,,,,
,,,,
,,,,
,,,,
,,,,
,,,,
,,,,
,,,,
,,,,
,,,,
,,,,
,,,,
,,,,
,,,,
,,,,
,,,,
,,,,
,,,,
,,,,
,,,,
,,,,
,,,,
,,,,
,,,,
,,,,
,,,,
,,,,
,,,,
,,,,
,,,,
,,,,
,,,,
,,,,
,,,,
,,,,
,,,,
,,,,
,,,,
,,,,
,,,,
,,,,
,,,,
,,,,
,,,,
,,,,
,,,,
,,,,
,,,,
,,,,
,,,,
,,,,
,,,,
,,,,
,,,,
,,,,
,,,,
,,,,
,,,,
,,,,
,,,,
,,,,
,,,,
,,,,
,,,,
,,,,
,,,,
,,,,
,,,,
,,,,
,,,,
,,,,
,,,,
,,,,
,,,,
,,,,
,,,,
,,,,
,,,,
,,,,
,,,,
,,,,
,,,,
,,,,
,,,,
,,,,
,,,,
,,,,
,,,,
,,,,
,,,,
,,,,
,,,,
,,,,
,,,,
,,,,
,,,,
,,,,
,,,,
,,,,
,,,,
,,,,
,,,,
,,,,
,,,,
,,,,
,,,,
,,,,
,,,,
,,,,
,,,,
,,,,
,,,,
,,,,
,,,,
,,,,
,,,,
,,,,
,,,,
,,,,
,,,,
,,,,
,,,,
,,,,
,,,,
,,,,
,,,,
,,,,
,,,,
,,,,
,,,,
,,,,
,,,,
,,,,
,,,,
,,,,
,,,,
,,,,
,,,,
,,,,
,,,,
,,,,
,,,,
,,,,
,,,,
,,,,
,,,,
,,,,
,,,,
,,,,
,,,,
,,,,
,,,,
,,,,
,,,,
,,,,
,,,,
,,,,
,,,,
,,,,
,,,,
,,,,
,,,,
,,,,
,,,,
,,,,
,,,,
,,,,
,,,,
,,,,
,,,,
,,,,
,,,,
,,,,
,,,,
,,,,
,,,,
,,,,
,,,,
,,,,
,,,,
,,,,
,,,,
,,,,
,,,,
,,,,
,,,,
,,,,
,,,,
,,,,
,,,,
,,,,
,,,,
,,,,
,,,,
,,,,
,,,,
,,,,
,,,,
,,,,
,,,,
,,,,
,,,,
,,,,
,,,,
,,,,
,,,,
,,,,
,,,,
,,,,
,,,,
,,,,
,,,,
,,,,
,,,,
,,,,
,,,,
,,,,
,,,,
,,,,
,,,,
,,,,
,,,,
,,,,
,,,,
,,,,
,,,,
,,,,
,,,,
,,,,
,,,,
,,,,
,,,,
,,,,
,,,,
,,,,
,,,,
,,,,
,,,,
,,,,
,,,,
,,,,
,,,,
,,,,
,,,,
,,,,
,,,,
,,,,
,,,,
,,,,
,,,,
,,,,
,,,,
,,,,
,,,,
,,,,
,,,,
,,,,
,,,,
,,,,
,,,,
,,,,
,,,,
,,,,
,,,,
,,,,
,,,,
,,,,
,,,,
,,,,
,,,,
,,,,
,,,,
,,,,
,,,,
,,,,
,,,,
,,,,
,,,,
,,,,
,,,,
,,,,
,,,,
,,,,
,,,,
,,,,
,,,,
,,,,
,,,,
,,,,
,,,,
,,,,
,,,,
,,,,
,,,,
,,,,
,,,,
,,,,
,,,,
,,,,
,,,,
,,,,
,,,,
,,,,
,,,,
,,,,
,,,,
,,,,
,,,,
,,,,
,,,,
,,,,
,,,,
,,,,
,,,,
,,,,
,,,,
,,,,
,,,,
,,,,
,,,,
,,,,
,,,,
,,,,
,,,,
,,,,
,,,,
,,,,
,,,,
,,,,
,,,,
,,,,
,,,,
,,,,
,,,,
,,,,
,,,,
,,,,
,,,,
,,,,
,,,,
,,,,
,,,,
,,,,
,,,,
,,,,
,,,,
,,,,
,,,,
,,,,
,,,,
,,,,
,,,,
,,,,
,,,,
,,,,
,,,,
,,,,
,,,,
,,,,
,,,,
,,,,
,,,,
,,,,
,,,,
,,,,
,,,,
,,,,
,,,,
,,,,
,,,,
,,,,
,,,,
,,,,
,,,,
,,,,
,,,,
,,,,
,,,,
,,,,
,,,,
,,,,
,,,,
,,,,
,,,,
,,,,
,,,,
,,,,
,,,,
,,,,
,,,,
,,,,
,,,,
,,,,
,,,,
,,,,
,,,,
,,,,
,,,,
,,,,
,,,,
,,,,
,,,,
,,,,
,,,,
,,,,
,,,,
,,,,
,,,,
,,,,
,,,,
,,,,
,,,,
,,,,
,,,,
,,,,
,,,,
,,,,
,,,,
,,,,
,,,,
,,,,
,,,,
,,,,
,,,,
,,,,
,,,,
,,,,
,,,,
,,,,
,,,,
,,,,
,,,,
,,,,
,,,,
,,,,
,,,,
,,,,
,,,,
,,,,
,,,,
,,,,
,,,,
,,,,
,,,,
,,,,
,,,,
,,,,
,,,,
,,,,
,,,,
,,,,
,,,,
,,,,
,,,,
,,,,
,,,,
,,,,
,,,,
,,,,
,,,,
,,,,
,,,,
,,,,
,,,,
,,,,
,,,,
,,,,
,,,,
,,,,
,,,,
,,,,
,,,,
,,,,
,,,,
,,,,
,,,,
,,,,
,,,,
,,,,
,,,,
,,,,
,,,,
,,,,
,,,,
,,,,
,,,,
,,,,
,,,,
,,,,
,,,,
,,,,
,,,,
,,,,
,,,,
,,,,
,,,,
,,,,
,,,,
,,,,
,,,,
,,,,
,,,,
,,,,
,,,,
,,,,
,,,,
,,,,
,,,,
,,,,
,,,,
,,,,
,,,,
,,,,
,,,,
,,,,
,,,,
,,,,
,,,,
,,,,
,,,,
,,,,
,,,,
,,,,
,,,,
,,,,
,,,,
,,,,
,,,,
,,,,
,,,,
,,,,
,,,,
,,,,
,,,,
,,,,
,,,,
,,,,
,,,,
,,,,
,,,,
,,,,
,,,,
,,,,
,,,,
,,,,
,,,,
,,,,
,,,,
,,,,
,,,,
,,,,
,,,,
,,,,
,,,,
,,,,
,,,,
,,,,
,,,,
,,,,
,,,,
,,,,
,,,,
,,,,
,,,,
,,,,
,,,,
,,,,
,,,,
,,,,
,,,,
,,,,
,,,,
,,,,
,,,,
,,,,
,,,,
,,,,
,,,,
,,,,
,,,,
,,,,
,,,,
,,,,
,,,,
,,,,
,,,,
,,,,
,,,,
,,,,
,,,,
,,,,
,,,,
,,,,
,,,,
,,,,
,,,,
,,,,
,,,,
,,,,
,,,,
,,,,
,,,,
,,,,
,,,,
,,,,
,,,,
,,,,
,,,,
,,,,
,,,,
,,,,
,,,,
,,,,
,,,,
,,,,
,,,,
,,,,
,,,,
,,,,
,,,,
,,,,
,,,,
,,,,
,,,,
,,,,
,,,,
,,,,
,,,,
,,,,
,,,,
,,,,
,,,,
,,,,
,,,,
,,,,
,,,,
,,,,
,,,,
,,,,
,,,,
,,,,
,,,,
,,,,
,,,,
,,,,
,,,,
,,,,
,,,,
,,,,
,,,,
,,,,
,,,,
,,,,
,,,,
,,,,
,,,,
,,,,
,,,,
,,,,
,,,,
,,,,
,,,,
,,,,
,,,,
,,,,
,,,,
,,,,
,,,,
,,,,
,,,,
,,,,
,,,,
,,,,
,,,,
,,,,
,,,,
,,,,
,,,,
,,,,
,,,,
,,,,
,,,,
,,,,
,,,,
,,,,
,,,,
,,,,
,,,,
,,,,
,,,,
,,,,
,,,,
,,,,
,,,,
,,,,
,,,,
,,,,
,,,,
,,,,
,,,,
,,,,
,,,,
,,,,
,,,,
,,,,
,,,,
,,,,
,,,,
,,,,
,,,,
,,,,
,,,,
,,,,
,,,,
,,,,
,,,,
,,,,
,,,,
,,,,
,,,,
,,,,
,,,,
,,,,
,,,,
,,,,
,,,,
,,,,
,,,,
,,,,
,,,,
,,,,
,,,,
,,,,
,,,,
,,,,
,,,,
,,,,
,,,,
,,,,
,,,,
,,,,
,,,,
,,,,
,,,,
,,,,
,,,,
,,,,
,,,,
,,,,
,,,,
,,,,
,,,,
,,,,
,,,,
,,,,
,,,,
,,,,
,,,,
,,,,
,,,,
,,,,
,,,,
,,,,
,,,,
,,,,
,,,,
,,,,
,,,,
,,,,
,,,,
,,,,
,,,,
,,,,
,,,,
,,,,
,,,,
,,,,
,,,,
,,,,
,,,,
,,,,
,,,,
,,,,
,,,,
,,,,
,,,,
,,,,
,,,,
,,,,
,,,,
,,,,
,,,,
,,,,
,,,,
,,,,
,,,,
,,,,
,,,,
,,,,
,,,,
,,,,
,,,,
,,,,
,,,,
,,,,
,,,,
,,,,
,,,,
,,,,
,,,,
,,,,
,,,,
,,,,
,,,,
,,,,
,,,,
,,,,
,,,,
,,,,
,,,,
,,,,
,,,,
,,,,
,,,,
,,,,
,,,,
,,,,
,,,,
,,,,
,,,,
,,,,
,,,,
,,,,
,,,,
,,,,
,,,,
,,,,
,,,,
,,,,
,,,,
,,,,
,,,,
,,,,
,,,,
,,,,
,,,,
,,,,
,,,,
,,,,
,,,,
,,,,
,,,,
,,,,
,,,,
,,,,
,,,,
,,,,
,,,,
,,,,
,,,,
,,,,
,,,,
,,,,
,,,,
,,,,
,,,,
,,,,
,,,,
,,,,
,,,,
,,,,
,,,,
,,,,
,,,,
,,,,
,,,,
,,,,
,,,,
,,,,
,,,,
,,,,
,,,,
,,,,
,,,,
,,,,
,,,,
,,,,
,,,,
,,,,
,,,,
,,,,
,,,,
,,,,
,,,,
,,,,
,,,,
,,,,
,,,,
,,,,
,,,,
,,,,
,,,,
,,,,
,,,,
,,,,
,,,,
,,,,
,,,,
,,,,
,,,,
,,,,
,,,,
,,,,
,,,,
,,,,
,,,,
,,,,
,,,,
,,,,
,,,,
,,,,
,,,,
,,,,
,,,,
,,,,
,,,,
,,,,
,,,,
,,,,
,,,,
,,,,
,,,,
,,,,
,,,,
,,,,
,,,,
,,,,
,,,,
,,,,
,,,,
,,,,
,,,,
,,,,
,,,,
,,,,
,,,,
,,,,
,,,,
,,,,
,,,,
,,,,
,,,,
,,,,
,,,,
,,,,
,,,,
,,,,
,,,,
,,,,
,,,,
,,,,
,,,,
,,,,
,,,,
,,,,
,,,,
,,,,
,,,,
,,,,
,,,,
,,,,
,,,,
,,,,
,,,,
,,,,
,,,,
,,,,
,,,,
,,,,
,,,,
,,,,
,,,,
,,,,
,,,,
,,,,
,,,,
,,,,
,,,,
,,,,
,,,,
,,,,
,,,,
,,,,
,,,,
,,,,
,,,,
,,,,
,,,,
,,,,
,,,,
,,,,
,,,,
,,,,
,,,,
,,,,
,,,,
,,,,
,,,,
,,,,
,,,,
,,,,
,,,,
,,,,
,,,,
,,,,
,,,,
,,,,
,,,,
,,,,
,,,,
,,,,
,,,,
,,,,
,,,,
,,,,
,,,,
,,,,
,,,,
,,,,
,,,,
,,,,
,,,,
,,,,
,,,,
,,,,
,,,,
,,,,
,,,,
,,,,
,,,,
,,,,
,,,,
,,,,
,,,,
,,,,
,,,,
,,,,
,,,,
,,,,
,,,,
,,,,
,,,,
,,,,
,,,,
,,,,
,,,,
,,,,
,,,,
,,,,
,,,,
,,,,
,,,,
,,,,
,,,,
,,,,
,,,,
,,,,
,,,,
,,,,
,,,,
,,,,
,,,,
,,,,
,,,,
,,,,
,,,,
,,,,
,,,,
,,,,
,,,,
,,,,
,,,,
,,,,
,,,,
,,,,
,,,,
,,,,
,,,,
,,,,
,,,,
,,,,
,,,,
,,,,
,,,,
,,,,
,,,,
,,,,
,,,,
,,,,
,,,,
,,,,
,,,,
,,,,
,,,,
,,,,
,,,,
,,,,
,,,,
,,,,
,,,,
,,,,
,,,,
,,,,
,,,,
,,,,
,,,,
,,,,
,,,,
,,,,
,,,,
,,,,
,,,,
,,,,
,,,,
,,,,
,,,,
,,,,
,,,,
,,,,
,,,,
,,,,
,,,,
,,,,
,,,,
,,,,
,,,,
,,,,
,,,,
,,,,
,,,,
,,,,
,,,,
,,,,
,,,,
,,,,
,,,,
,,,,
,,,,
,,,,
,,,,
,,,,
,,,,
,,,,
,,,,
,,,,
,,,,
,,,,
,,,,
,,,,
,,,,
,,,,
,,,,
,,,,
,,,,
,,,,
,,,,
,,,,
,,,,
,,,,
,,,,
,,,,
,,,,
,,,,
,,,,
,,,,
,,,,
,,,,
,,,,
,,,,
,,,,
,,,,
,,,,
,,,,
,,,,
,,,,
,,,,
,,,,
,,,,
,,,,
,,,,
,,,,
,,,,
,,,,
,,,,
,,,,
,,,,
,,,,
,,,,
,,,,
,,,,
,,,,
,,,,
,,,,
,,,,
,,,,
,,,,
,,,,
,,,,
,,,,
,,,,
,,,,
,,,,
,,,,
,,,,
,,,,
,,,,
,,,,
,,,,
,,,,
,,,,
,,,,
,,,,
,,,,
,,,,
,,,,
,,,,
,,,,
,,,,
,,,,
,,,,
,,,,
,,,,
,,,,
,,,,
,,,,
,,,,
,,,,
,,,,
,,,,
,,,,
,,,,
,,,,
,,,,
,,,,
,,,,
,,,,
,,,,
,,,,
,,,,
,,,,
,,,,
,,,,
,,,,
,,,,
,,,,
,,,,
,,,,
,,,,
,,,,
,,,,
,,,,
,,,,
,,,,
,,,,
,,,,
,,,,
,,,,
,,,,
,,,,
,,,,
,,,,
,,,,
,,,,
,,,,
,,,,
,,,,
,,,,
,,,,
,,,,
,,,,
,,,,
,,,,
,,,,
,,,,
,,,,
,,,,
,,,,
,,,,
,,,,
,,,,
,,,,
,,,,
,,,,
,,,,
,,,,
,,,,
,,,,
,,,,
,,,,
,,,,
,,,,
,,,,
,,,,
,,,,
,,,,
,,,,
,,,,
,,,,
,,,,
,,,,
,,,,
,,,,
,,,,
,,,,
,,,,
,,,,
,,,,
,,,,
,,,,
,,,,
,,,,
,,,,
,,,,
,,,,
,,,,
,,,,
,,,,
,,,,
,,,,
,,,,
,,,,
,,,,
,,,,
,,,,
,,,,
,,,,
,,,,
,,,,
,,,,
,,,,
,,,,
,,,,
,,,,
,,,,
,,,,
,,,,
,,,,
,,,,
,,,,
,,,,
,,,,
,,,,
,,,,
,,,,
,,,,
,,,,
,,,,
,,,,
,,,,
,,,,
,,,,
,,,,
,,,,
,,,,
,,,,
,,,,
,,,,
,,,,
,,,,
,,,,
,,,,
,,,,
,,,,
,,,,
,,,,
,,,,
,,,,
,,,,
,,,,
,,,,
,,,,
,,,,
,,,,
,,,,
,,,,
,,,,
,,,,
,,,,
,,,,
,,,,
,,,,
,,,,
,,,,
,,,,
,,,,
,,,,
,,,,
,,,,
,,,,
,,,,
,,,,
,,,,
,,,,
,,,,
,,,,
,,,,
,,,,
,,,,
,,,,
,,,,
,,,,
,,,,
,,,,
,,,,
,,,,
,,,,
,,,,
,,,,
,,,,
,,,,
,,,,
,,,,
,,,,
,,,,
,,,,
,,,,
,,,,
,,,,
,,,,
,,,,
,,,,
,,,,
,,,,
,,,,
,,,,
,,,,
,,,,
,,,,
,,,,
,,,,
,,,,
,,,,
,,,,
,,,,
,,,,
,,,,
,,,,
,,,,
,,,,
,,,,
,,,,
,,,,
,,,,
,,,,
,,,,
,,,,
,,,,
,,,,
,,,,
,,,,
,,,,
,,,,
,,,,
,,,,
,,,,
,,,,
,,,,
,,,,
,,,,
,,,,
,,,,
,,,,
,,,,
,,,,
,,,,
,,,,
,,,,
,,,,
,,,,
,,,,
,,,,
,,,,
,,,,
,,,,
,,,,
,,,,
,,,,
,,,,
,,,,
,,,,
,,,,
,,,,
,,,,
,,,,
,,,,
,,,,
,,,,
,,,,
,,,,
,,,,
,,,,
,,,,
,,,,
,,,,
,,,,
,,,,
,,,,
,,,,
,,,,
,,,,
,,,,
,,,,
,,,,
,,,,
,,,,
,,,,
,,,,
,,,,
,,,,
,,,,
,,,,
,,,,
,,,,
,,,,
,,,,
,,,,
,,,,
,,,,
,,,,
,,,,
,,,,
,,,,
,,,,
,,,,
,,,,
,,,,
,,,,
,,,,
,,,,
,,,,
,,,,
,,,,
,,,,
,,,,
,,,,
,,,,
,,,,
,,,,
,,,,
,,,,
,,,,
,,,,
,,,,
,,,,
,,,,
,,,,
,,,,
,,,,
,,,,
,,,,
,,,,
,,,,
,,,,
,,,,
,,,,
,,,,
,,,,
,,,,
,,,,
,,,,
,,,,
,,,,
,,,,
,,,,
,,,,
,,,,
,,,,
,,,,
,,,,
,,,,
,,,,
,,,,
,,,,
,,,,
,,,,
,,,,
,,,,
,,,,
,,,,
,,,,
,,,,
,,,,
,,,,
,,,,
,,,,
,,,,
,,,,
,,,,
,,,,
,,,,
,,,,
,,,,
,,,,
,,,,
,,,,
,,,,
,,,,
,,,,
,,,,
,,,,
,,,,
,,,,
,,,,
,,,,
,,,,
,,,,
,,,,
,,,,
,,,,
,,,,
,,,,
,,,,
,,,,
,,,,
,,,,
,,,,
,,,,
,,,,
,,,,
,,,,
,,,,
,,,,
,,,,
,,,,
,,,,
,,,,
,,,,
,,,,
,,,,
,,,,
,,,,
,,,,
,,,,
,,,,
,,,,
,,,,
,,,,
,,,,
,,,,
,,,,
,,,,
,,,,
,,,,
,,,,
,,,,
,,,,
,,,,
,,,,
,,,,
,,,,
,,,,
,,,,
,,,,
,,,,
,,,,
,,,,
,,,,
,,,,
,,,,
,,,,
,,,,
,,,,
,,,,
,,,,
,,,,
,,,,
,,,,
,,,,
,,,,
,,,,
,,,,
,,,,
,,,,
,,,,
,,,,
,,,,
,,,,
,,,,
,,,,
,,,,
,,,,
,,,,
,,,,
,,,,
,,,,
,,,,
,,,,
,,,,
,,,,
,,,,
,,,,
,,,,
,,,,
,,,,
,,,,
,,,,
,,,,
,,,,
,,,,
,,,,
,,,,
,,,,
,,,,
,,,,
,,,,
,,,,
,,,,
,,,,
,,,,
,,,,
,,,,
,,,,
,,,,
,,,,
,,,,
,,,,
,,,,
,,,,
,,,,
,,,,
,,,,
,,,,
,,,,
,,,,
,,,,
,,,,
,,,,
,,,,
,,,,
,,,,
,,,,
,,,,
,,,,
,,,,
,,,,
,,,,
,,,,
,,,,
,,,,
,,,,
,,,,
,,,,
,,,,
,,,,
,,,,
,,,,
,,,,
,,,,
,,,,
,,,,
,,,,
,,,,
,,,,
,,,,
,,,,
,,,,
,,,,
,,,,
,,,,
,,,,
,,,,
,,,,
,,,,
,,,,
,,,,
,,,,
,,,,
,,,,
,,,,
,,,,
,,,,
,,,,
,,,,
,,,,
,,,,
,,,,
,,,,
,,,,
,,,,
,,,,
,,,,
,,,,
,,,,
,,,,
,,,,
,,,,
,,,,
,,,,
,,,,
,,,,
,,,,
,,,,
,,,,
,,,,
,,,,
,,,,
,,,,
,,,,
,,,,
,,,,
,,,,
,,,,
,,,,
,,,,
,,,,
,,,,
,,,,
,,,,
,,,,
,,,,
,,,,
,,,,
,,,,
,,,,
,,,,
,,,,
,,,,
,,,,
,,,,
,,,,
,,,,
,,,,
,,,,
,,,,
,,,,
,,,,
,,,,
,,,,
,,,,
,,,,
,,,,
,,,,
,,,,
,,,,
,,,,
,,,,
,,,,
,,,,
,,,,
,,,,
,,,,
,,,,
,,,,
,,,,
,,,,
,,,,
,,,,
,,,,
,,,,
,,,,
,,,,
,,,,
,,,,
,,,,
,,,,
,,,,
,,,,
,,,,
,,,,
,,,,
,,,,
,,,,
,,,,
,,,,
,,,,
,,,,
,,,,
,,,,
,,,,
,,,,
,,,,
,,,,
,,,,
,,,,
,,,,
,,,,
,,,,
,,,,
,,,,
,,,,
,,,,
,,,,
,,,,
,,,,
,,,,
,,,,
,,,,
,,,,
,,,,
,,,,
,,,,
,,,,
,,,,
,,,,
,,,,
,,,,
,,,,
,,,,
,,,,
,,,,
,,,,
,,,,
,,,,
,,,,
,,,,
,,,,
,,,,
,,,,
,,,,
,,,,
,,,,
,,,,
,,,,
,,,,
,,,,
,,,,
,,,,
,,,,
,,,,
,,,,
,,,,
,,,,
,,,,
,,,,
,,,,
,,,,
,,,,
,,,,
,,,,
,,,,
,,,,
,,,,
,,,,
,,,,
,,,,
,,,,
,,,,
,,,,
,,,,
,,,,
,,,,
,,,,
,,,,
,,,,
,,,,
,,,,
,,,,
,,,,
,,,,
,,,,
,,,,
,,,,
,,,,
,,,,
,,,,
,,,,
,,,,
,,,,
,,,,
,,,,
,,,,
,,,,
,,,,
,,,,
,,,,
,,,,
,,,,
,,,,
,,,,
,,,,
,,,,
,,,,
,,,,
,,,,
,,,,
,,,,
,,,,
,,,,
,,,,
,,,,
,,,,
,,,,
,,,,
,,,,
,,,,
,,,,
,,,,
,,,,
,,,,
,,,,
,,,,
,,,,
,,,,
,,,,
,,,,
,,,,
,,,,
,,,,
,,,,
,,,,
,,,,
,,,,
,,,,
,,,,
,,,,
,,,,
,,,,
,,,,
,,,,
,,,,
,,,,
,,,,
,,,,
,,,,
,,,,
,,,,
,,,,
,,,,
,,,,
,,,,
,,,,
,,,,
,,,,
,,,,
,,,,
,,,,
,,,,
,,,,
,,,,
,,,,
,,,,
,,,,
,,,,
,,,,
,,,,
,,,,
,,,,
,,,,
,,,,
,,,,
,,,,
,,,,
,,,,
,,,,
,,,,
,,,,
,,,,
,,,,
,,,,
,,,,
,,,,
,,,,
,,,,
,,,,
,,,,
,,,,
,,,,
,,,,
,,,,
,,,,
,,,,
,,,,
,,,,
,,,,
,,,,
,,,,
,,,,
,,,,
,,,,
,,,,
,,,,
,,,,
,,,,
,,,,
,,,,
,,,,
,,,,
,,,,
,,,,
,,,,
,,,,
,,,,
,,,,
,,,,
,,,,
,,,,
,,,,
,,,,
,,,,
,,,,
,,,,
,,,,
,,,,
,,,,
,,,,
,,,,
,,,,
,,,,
,,,,
,,,,
,,,,
,,,,
,,,,
,,,,
,,,,
,,,,
,,,,
,,,,
,,,,
,,,,
,,,,
,,,,
,,,,
,,,,
,,,,
,,,,
,,,,
,,,,
,,,,
,,,,
,,,,
,,,,
,,,,
,,,,
,,,,
,,,,
,,,,
,,,,
,,,,
,,,,
,,,,
,,,,
,,,,
,,,,
,,,,
,,,,
,,,,
,,,,
,,,,
,,,,
,,,,
,,,,
,,,,
,,,,
,,,,
,,,,
,,,,
,,,,
,,,,
,,,,
,,,,
,,,,
,,,,
,,,,
,,,,
,,,,
,,,,
,,,,
,,,,
,,,,
,,,,
,,,,
,,,,
,,,,
,,,,
,,,,
,,,,
,,,,
,,,,
,,,,
,,,,
,,,,
,,,,
,,,,
,,,,
,,,,
,,,,
,,,,
,,,,
,,,,
,,,,
,,,,
,,,,
,,,,
,,,,
,,,,
,,,,
,,,,
,,,,
,,,,
,,,,
,,,,
,,,,
,,,,
,,,,
,,,,
,,,,
,,,,
,,,,
,,,,
,,,,
,,,,
,,,,
,,,,
,,,,
,,,,
,,,,
,,,,
,,,,
,,,,
,,,,
,,,,
,,,,
,,,,
,,,,
,,,,
,,,,
,,,,
,,,,
,,,,
,,,,
,,,,
,,,,
,,,,
,,,,
,,,,
,,,,
,,,,
,,,,
,,,,
,,,,
,,,,
,,,,
,,,,
,,,,
,,,,
,,,,
,,,,
,,,,
,,,,
,,,,
,,,,
,,,,
,,,,
,,,,
,,,,
,,,,
,,,,
,,,,
,,,,
,,,,
,,,,
,,,,
,,,,
,,,,
,,,,
,,,,
,,,,
,,,,
,,,,
,,,,
,,,,
,,,,
,,,,
,,,,
,,,,
,,,,
,,,,
,,,,
,,,,
,,,,
,,,,
,,,,
,,,,
,,,,
,,,,
,,,,
,,,,
,,,,
,,,,
,,,,
,,,,
,,,,
,,,,
,,,,
,,,,
,,,,
,,,,
,,,,
,,,,
,,,,
,,,,
,,,,
,,,,
,,,,
,,,,
,,,,
,,,,
,,,,
,,,,
,,,,
,,,,
,,,,
,,,,
,,,,
,,,,
,,,,
,,,,
,,,,
,,,,
,,,,
,,,,
,,,,
,,,,
,,,,
,,,,
,,,,
,,,,
,,,,
,,,,
,,,,
,,,,
,,,,
,,,,
,,,,
,,,,
,,,,
,,,,
,,,,
,,,,
,,,,
,,,,
,,,,
,,,,
,,,,
,,,,
,,,,
,,,,
,,,,
,,,,
,,,,
,,,,
,,,,
,,,,
,,,,
,,,,
,,,,
,,,,
,,,,
,,,,
,,,,
,,,,
,,,,
,,,,
,,,,
,,,,
,,,,
,,,,
,,,,
,,,,
,,,,
,,,,
,,,,
,,,,
,,,,
,,,,
,,,,
,,,,
,,,,
,,,,
,,,,
,,,,
,,,,
,,,,
,,,,
,,,,
,,,,
,,,,
,,,,
,,,,
,,,,
,,,,
,,,,
,,,,
,,,,
,,,,
,,,,
,,,,
,,,,
,,,,
,,,,
,,,,
,,,,
,,,,
,,,,
,,,,
,,,,
,,,,
,,,,
,,,,
,,,,
,,,,
,,,,
,,,,
,,,,
,,,,
,,,,
,,,,
,,,,
,,,,
,,,,
,,,,
,,,,
,,,,
,,,,
,,,,
,,,,
,,,,
,,,,
,,,,
,,,,
,,,,
,,,,
,,,,
,,,,
,,,,
,,,,
,,,,
,,,,
,,,,
,,,,
,,,,
,,,,
,,,,
,,,,
,,,,
,,,,
,,,,
,,,,
,,,,
,,,,
,,,,
,,,,
,,,,
,,,,
,,,,
,,,,
,,,,
,,,,
,,,,
,,,,
,,,,
,,,,
,,,,
,,,,
,,,,
,,,,
,,,,
,,,,
,,,,
,,,,
,,,,
,,,,
,,,,
,,,,
,,,,
,,,,
,,,,
,,,,
,,,,
,,,,
,,,,
,,,,
,,,,
,,,,
,,,,
,,,,
,,,,
,,,,
,,,,
,,,,
,,,,
,,,,
,,,,
,,,,
,,,,
,,,,
,,,,
,,,,
,,,,
,,,,
,,,,
,,,,
,,,,
,,,,
,,,,
,,,,
,,,,
,,,,
,,,,
,,,,
,,,,
,,,,
,,,,
,,,,
,,,,
,,,,
,,,,
,,,,
,,,,
,,,,
,,,,
,,,,
,,,,
,,,,
,,,,
,,,,
,,,,
,,,,
,,,,
,,,,
,,,,
,,,,
,,,,
,,,,
,,,,
,,,,
,,,,
,,,,
,,,,
,,,,
,,,,
,,,,
,,,,
,,,,
,,,,
,,,,
,,,,
,,,,
,,,,
,,,,
,,,,
,,,,
,,,,
,,,,
,,,,
,,,,
,,,,
,,,,
,,,,
,,,,
,,,,
,,,,
,,,,
,,,,
,,,,
,,,,
,,,,
,,,,
,,,,
,,,,
,,,,
,,,,
,,,,
,,,,
,,,,
,,,,
,,,,
,,,,
,,,,
,,,,
,,,,
,,,,
,,,,
,,,,
,,,,
,,,,
,,,,
,,,,
,,,,
,,,,
,,,,
,,,,
,,,,
,,,,
,,,,
,,,,
,,,,
,,,,
,,,,
,,,,
,,,,
,,,,
,,,,
,,,,
,,,,
,,,,
,,,,
,,,,
,,,,
,,,,
,,,,
,,,,
,,,,
,,,,
,,,,
,,,,
,,,,
,,,,
,,,,
,,,,
,,,,
,,,,
,,,,
,,,,
,,,,
,,,,
,,,,
,,,,
,,,,
,,,,
,,,,
,,,,
,,,,
,,,,
,,,,
,,,,
,,,,
,,,,
,,,,
,,,,
,,,,
,,,,
,,,,
,,,,
,,,,
,,,,
,,,,
,,,,
,,,,
,,,,
,,,,
,,,,
,,,,
,,,,
,,,,
,,,,
,,,,
,,,,
,,,,
,,,,
,,,,
,,,,
,,,,
,,,,
,,,,
,,,,
,,,,
,,,,
,,,,
,,,,
,,,,
,,,,
,,,,
,,,,
,,,,
,,,,
,,,,
,,,,
,,,,
,,,,
,,,,
,,,,
,,,,
,,,,
,,,,
,,,,
,,,,
,,,,
,,,,
,,,,
,,,,
,,,,
,,,,
,,,,
,,,,
,,,,
,,,,
,,,,
,,,,
,,,,
,,,,
,,,,
,,,,
,,,,
,,,,
,,,,
,,,,
,,,,
,,,,
,,,,
,,,,
,,,,
,,,,
,,,,
,,,,
,,,,
,,,,
,,,,
,,,,
,,,,
,,,,
,,,,
,,,,
,,,,
,,,,
,,,,
,,,,
,,,,
,,,,
,,,,
,,,,
,,,,
,,,,
,,,,
,,,,
,,,,
,,,,
,,,,
,,,,
,,,,
,,,,
,,,,
,,,,
,,,,
,,,,
,,,,
,,,,
,,,,
,,,,
,,,,
,,,,
,,,,
,,,,
,,,,
,,,,
,,,,
,,,,
,,,,
,,,,
,,,,
,,,,
,,,,
,,,,
,,,,
,,,,
,,,,
,,,,
,,,,
,,,,
,,,,
,,,,
,,,,
,,,,
,,,,
,,,,
,,,,
,,,,
,,,,
,,,,
,,,,
,,,,
,,,,
,,,,
,,,,
,,,,
,,,,
,,,,
,,,,
,,,,
,,,,
,,,,
,,,,
,,,,
,,,,
,,,,
,,,,
,,,,
,,,,
,,,,
,,,,
,,,,
,,,,
,,,,
,,,,
,,,,
,,,,
,,,,
,,,,
,,,,
,,,,
,,,,
,,,,
,,,,
,,,,
,,,,
,,,,
,,,,
,,,,
,,,,
,,,,
,,,,
,,,,
,,,,
,,,,
,,,,
,,,,
,,,,
,,,,
,,,,
,,,,
,,,,
,,,,
,,,,
,,,,
,,,,
,,,,
,,,,
,,,,
,,,,
,,,,
,,,,
,,,,
,,,,
,,,,
,,,,
,,,,
,,,,
,,,,
,,,,
,,,,
,,,,
,,,,
,,,,
,,,,
,,,,
,,,,
,,,,
,,,,
,,,,
,,,,
,,,,
,,,,
,,,,
,,,,
,,,,
,,,,
,,,,
,,,,
,,,,
,,,,
,,,,
,,,,
,,,,
,,,,
,,,,
,,,,
,,,,
,,,,
,,,,
,,,,
,,,,
,,,,
,,,,
,,,,
,,,,
,,,,
,,,,
,,,,
,,,,
,,,,
,,,,
,,,,
,,,,
,,,,
,,,,
,,,,
,,,,
,,,,
,,,,
,,,,
,,,,
,,,,
,,,,
,,,,
,,,,
,,,,
,,,,
,,,,
,,,,
,,,,
,,,,
,,,,
,,,,
,,,,
,,,,
,,,,
,,,,
,,,,
,,,,
,,,,
,,,,
,,,,
,,,,
,,,,
,,,,
,,,,
,,,,
,,,,
,,,,
,,,,
,,,,
,,,,
,,,,
,,,,
,,,,
,,,,
,,,,
,,,,
,,,,
,,,,
,,,,
,,,,
,,,,
,,,,
,,,,
,,,,
,,,,
,,,,
,,,,
,,,,
,,,,
,,,,
,,,,
,,,,
,,,,
,,,,
,,,,
,,,,
,,,,
,,,,
,,,,
,,,,
,,,,
,,,,
,,,,
,,,,
,,,,
,,,,
,,,,
,,,,
,,,,
,,,,
,,,,
,,,,
,,,,
,,,,
,,,,
,,,,
,,,,
,,,,
,,,,
,,,,
,,,,
,,,,
,,,,
,,,,
,,,,
,,,,
,,,,
,,,,
,,,,
,,,,
,,,,
,,,,
,,,,
,,,,
,,,,
,,,,
,,,,
,,,,
,,,,
,,,,
,,,,
,,,,
,,,,
,,,,
,,,,
,,,,
,,,,
,,,,
,,,,
,,,,
,,,,
,,,,
,,,,
,,,,
,,,,
,,,,
,,,,
,,,,
,,,,
,,,,
,,,,
,,,,
,,,,
,,,,
,,,,
,,,,
,,,,
,,,,
,,,,
,,,,
,,,,
,,,,
,,,,
,,,,
,,,,
,,,,
,,,,
,,,,
,,,,
,,,,
,,,,
,,,,
,,,,
,,,,
,,,,
,,,,
,,,,
,,,,
,,,,
,,,,
,,,,
,,,,
,,,,
,,,,
,,,,
,,,,
,,,,
,,,,
,,,,
,,,,
,,,,
,,,,
,,,,
,,,,
,,,,
,,,,
,,,,
,,,,
,,,,
,,,,
,,,,
,,,,
,,,,
,,,,
,,,,
,,,,
,,,,
,,,,
,,,,
,,,,
,,,,
,,,,
,,,,
,,,,
,,,,
,,,,
,,,,
,,,,
,,,,
,,,,
,,,,
,,,,
,,,,
,,,,
,,,,
,,,,
,,,,
,,,,
,,,,
,,,,
,,,,
,,,,
,,,,
,,,,
,,,,
,,,,
,,,,
,,,,
,,,,
,,,,
,,,,
,,,,
,,,,
,,,,
,,,,
,,,,
,,,,
,,,,
,,,,
,,,,
,,,,
,,,,
,,,,
,,,,
,,,,
,,,,
,,,,
,,,,
,,,,
,,,,
,,,,
,,,,
,,,,
,,,,
,,,,
,,,,
,,,,
,,,,
,,,,
,,,,
,,,,
,,,,
,,,,
,,,,
,,,,
,,,,
,,,,
,,,,
,,,,
,,,,
,,,,
,,,,
,,,,
,,,,
,,,,
,,,,
,,,,
,,,,
,,,,
,,,,
,,,,
,,,,
,,,,
,,,,
,,,,
,,,,
,,,,
,,,,
,,,,
,,,,
,,,,
,,,,
,,,,
,,,,
,,,,
,,,,
,,,,
,,,,
,,,,
,,,,
,,,,
,,,,
,,,,
,,,,
,,,,
,,,,
,,,,
,,,,
,,,,
,,,,
,,,,
,,,,
,,,,
,,,,
,,,,
,,,,
,,,,
,,,,
,,,,
,,,,
,,,,
,,,,
,,,,
,,,,
,,,,
,,,,
,,,,
,,,,
,,,,
,,,,
,,,,
,,,,
,,,,
,,,,
,,,,
,,,,
,,,,
,,,,
,,,,
,,,,
,,,,
,,,,
,,,,
,,,,
,,,,
,,,,
,,,,
,,,,
,,,,
,,,,
,,,,
,,,,
,,,,
,,,,
,,,,
,,,,
,,,,
,,,,
,,,,
,,,,
,,,,
,,,,
,,,,
,,,,
,,,,
,,,,
,,,,
,,,,
,,,,
,,,,
,,,,
,,,,
,,,,
,,,,
,,,,
,,,,
,,,,
,,,,
,,,,
,,,,
,,,,
,,,,
,,,,
,,,,
,,,,
,,,,
,,,,
,,,,
,,,,
,,,,
,,,,
,,,,
,,,,
,,,,
,,,,
,,,,
,,,,
,,,,
,,,,
,,,,
,,,,
,,,,
,,,,
,,,,
,,,,
,,,,
,,,,
,,,,
,,,,
,,,,
,,,,
,,,,
,,,,
,,,,
,,,,
,,,,
,,,,
,,,,
,,,,
,,,,
,,,,
,,,,
,,,,
,,,,
,,,,
,,,,
,,,,
,,,,
,,,,
,,,,
,,,,
,,,,
,,,,
,,,,
,,,,
,,,,
,,,,
,,,,
,,,,
,,,,
,,,,
,,,,
,,,,
,,,,
,,,,
,,,,
,,,,
,,,,
,,,,
,,,,
,,,,
,,,,
,,,,
,,,,
,,,,
,,,,
,,,,
,,,,
,,,,
,,,,
,,,,
,,,,
,,,,
,,,,
,,,,
,,,,
,,,,
,,,,
,,,,
,,,,
,,,,
,,,,
,,,,
,,,,
,,,,
,,,,
,,,,
,,,,
,,,,
,,,,
,,,,
,,,,
,,,,
,,,,
,,,,
,,,,
,,,,
,,,,
,,,,
,,,,
,,,,
,,,,
,,,,
,,,,
,,,,
,,,,
,,,,
,,,,
,,,,
,,,,
,,,,
,,,,
,,,,
,,,,
,,,,
,,,,
,,,,
,,,,
,,,,
,,,,
,,,,
,,,,
,,,,
,,,,
,,,,
,,,,
,,,,
,,,,
,,,,
,,,,
,,,,
,,,,
,,,,
,,,,
,,,,
,,,,
,,,,
,,,,
,,,,
,,,,
,,,,
,,,,
,,,,
,,,,
,,,,
,,,,
,,,,
,,,,
,,,,
,,,,
,,,,
,,,,
,,,,
,,,,
,,,,
,,,,
,,,,
,,,,
,,,,
,,,,
,,,,
,,,,
,,,,
,,,,
,,,,
,,,,
,,,,
,,,,
,,,,
,,,,
,,,,
,,,,
,,,,
,,,,
,,,,
,,,,
,,,,
,,,,
,,,,
,,,,
,,,,
,,,,
,,,,
,,,,
,,,,
,,,,
,,,,
,,,,
,,,,
,,,,
,,,,
,,,,
,,,,
,,,,
,,,,
,,,,
,,,,
,,,,
,,,,
,,,,
,,,,
,,,,
,,,,
,,,,
,,,,
,,,,
,,,,
,,,,
,,,,
,,,,
,,,,
,,,,
,,,,
,,,,
,,,,
,,,,
,,,,
,,,,
,,,,
,,,,
,,,,
,,,,
,,,,
,,,,
,,,,
,,,,
,,,,
,,,,
,,,,
,,,,
,,,,
,,,,
,,,,
,,,,
,,,,
,,,,
,,,,
,,,,
,,,,
,,,,
,,,,
,,,,
,,,,
,,,,
,,,,
,,,,
,,,,
,,,,
,,,,
,,,,
,,,,
,,,,
,,,,
,,,,
,,,,
,,,,
,,,,
,,,,
,,,,
,,,,
,,,,
,,,,
,,,,
,,,,
,,,,
,,,,
,,,,
,,,,
,,,,
,,,,
,,,,
,,,,
,,,,
,,,,
,,,,
,,,,
,,,,
,,,,
,,,,
,,,,
,,,,
,,,,
,,,,
,,,,
,,,,
,,,,
,,,,
,,,,
,,,,
,,,,
,,,,
,,,,
,,,,
,,,,
,,,,
,,,,
,,,,
,,,,
,,,,
,,,,
,,,,
,,,,
,,,,
,,,,
,,,,
,,,,
,,,,
,,,,
,,,,
,,,,
,,,,
,,,,
,,,,
,,,,
,,,,
,,,,
,,,,
,,,,
,,,,
,,,,
,,,,
,,,,
,,,,
,,,,
,,,,
,,,,
,,,,
,,,,
,,,,
,,,,
,,,,
,,,,
,,,,
,,,,
,,,,
,,,,
,,,,
,,,,
,,,,
,,,,
,,,,
,,,,
,,,,
,,,,
,,,,
,,,,
,,,,
,,,,
,,,,
,,,,
,,,,
,,,,
,,,,
,,,,
,,,,
,,,,
,,,,
,,,,
,,,,
,,,,
,,,,
,,,,
,,,,
,,,,
,,,,
,,,,
,,,,
,,,,
,,,,
,,,,
,,,,
,,,,
,,,,
,,,,
,,,,
,,,,
,,,,
,,,,
,,,,
,,,,
,,,,
,,,,
,,,,
,,,,
,,,,
,,,,
,,,,
,,,,
,,,,
,,,,
,,,,
,,,,
,,,,
,,,,
,,,,
,,,,
,,,,
,,,,
,,,,
,,,,
,,,,
,,,,
,,,,
,,,,
,,,,
,,,,
,,,,
,,,,
,,,,
,,,,
,,,,
,,,,
,,,,
,,,,
,,,,
,,,,
,,,,
,,,,
,,,,
,,,,
,,,,
,,,,
,,,,
,,,,
,,,,
,,,,
,,,,
,,,,
,,,,
,,,,
,,,,
,,,,
,,,,
,,,,
,,,,
,,,,
,,,,
,,,,
,,,,
,,,,
,,,,
,,,,
,,,,
,,,,
,,,,
,,,,
,,,,
,,,,
,,,,
,,,,
,,,,
,,,,
,,,,
,,,,
,,,,
,,,,
,,,,
,,,,
,,,,
,,,,
,,,,
,,,,
,,,,
,,,,
,,,,
,,,,
,,,,
,,,,
,,,,
,,,,
,,,,
,,,,
,,,,
,,,,
,,,,
,,,,
,,,,
,,,,
,,,,
,,,,
,,,,
,,,,
,,,,
,,,,
,,,,
,,,,
,,,,
,,,,
,,,,
,,,,
,,,,
,,,,
,,,,
,,,,
,,,,
,,,,
,,,,
,,,,
,,,,
,,,,
,,,,
,,,,
,,,,
,,,,
,,,,
,,,,
,,,,
,,,,
,,,,
,,,,
,,,,
,,,,
,,,,
,,,,
,,,,
,,,,
,,,,
,,,,
,,,,
,,,,
,,,,
,,,,
,,,,
,,,,
,,,,
,,,,
,,,,
,,,,
,,,,
,,,,
,,,,
,,,,
,,,,
,,,,
,,,,
,,,,
,,,,
,,,,
,,,,
,,,,
,,,,
,,,,
,,,,
,,,,
,,,,
,,,,
,,,,
,,,,
,,,,
,,,,
,,,,
,,,,
,,,,
,,,,
,,,,
,,,,
,,,,
,,,,
,,,,
,,,,
,,,,
,,,,
,,,,
,,,,
,,,,
,,,,
,,,,
,,,,
,,,,
,,,,
,,,,
,,,,
,,,,
,,,,
,,,,
,,,,
,,,,
,,,,
,,,,
,,,,
,,,,
,,,,
,,,,
,,,,
,,,,
,,,,
,,,,
,,,,
,,,,
,,,,
,,,,
,,,,
,,,,
,,,,
,,,,
,,,,
,,,,
,,,,
,,,,
,,,,
,,,,
,,,,
,,,,
,,,,
,,,,
,,,,
,,,,
,,,,
,,,,
,,,,
,,,,
,,,,
,,,,
,,,,
,,,,
,,,,
,,,,
,,,,
,,,,
,,,,
,,,,
,,,,
,,,,
,,,,
,,,,
,,,,
,,,,
,,,,
,,,,
,,,,
,,,,
,,,,
,,,,
,,,,
,,,,
,,,,
,,,,
,,,,
,,,,
,,,,
,,,,
,,,,
,,,,
,,,,
,,,,
,,,,
,,,,
,,,,
,,,,
,,,,
,,,,
,,,,
,,,,
,,,,
,,,,
,,,,
,,,,
,,,,
,,,,
,,,,
,,,,
,,,,
,,,,
,,,,
,,,,
,,,,
,,,,
,,,,
,,,,
,,,,
,,,,
,,,,
,,,,
,,,,
,,,,
,,,,
,,,,
,,,,
,,,,
,,,,
,,,,
,,,,
,,,,
,,,,
,,,,
,,,,
,,,,
,,,,
,,,,
,,,,
,,,,
,,,,
,,,,
,,,,
,,,,
,,,,
,,,,
,,,,
,,,,
,,,,
,,,,
,,,,
,,,,
,,,,
,,,,
,,,,
,,,,
,,,,
,,,,
,,,,
,,,,
,,,,
,,,,
,,,,
,,,,
,,,,
,,,,
,,,,
,,,,
,,,,
,,,,
,,,,
,,,,
,,,,
,,,,
,,,,
,,,,
,,,,
,,,,
,,,,
,,,,
,,,,
,,,,
,,,,
,,,,
,,,,
,,,,
,,,,
,,,,
,,,,
,,,,
,,,,
,,,,
,,,,
,,,,
,,,,
,,,,
,,,,
,,,,
,,,,
,,,,
,,,,
,,,,
,,,,
,,,,
,,,,
,,,,
,,,,
,,,,
,,,,
,,,,
,,,,
,,,,
,,,,
,,,,
,,,,
,,,,
,,,,
,,,,
,,,,
,,,,
,,,,
,,,,
,,,,
,,,,
,,,,
,,,,
,,,,
,,,,
,,,,
,,,,
,,,,
,,,,
,,,,
,,,,
,,,,
,,,,
,,,,
,,,,
,,,,
,,,,
,,,,
,,,,
,,,,
,,,,
,,,,
,,,,
,,,,
,,,,
,,,,
,,,,
,,,,
,,,,
,,,,
,,,,
,,,,
,,,,
,,,,
,,,,
,,,,
,,,,
,,,,
,,,,
,,,,
,,,,
,,,,
,,,,
,,,,
,,,,
,,,,
,,,,
,,,,
,,,,
,,,,
,,,,
,,,,
,,,,
,,,,
,,,,
,,,,
,,,,
,,,,
,,,,
,,,,
,,,,
,,,,
,,,,
,,,,
,,,,
,,,,
,,,,
,,,,
,,,,
,,,,
,,,,
,,,,
,,,,
,,,,
,,,,
,,,,
,,,,
,,,,
,,,,
,,,,
,,,,
,,,,
,,,,
,,,,
,,,,
,,,,
,,,,
,,,,
,,,,
,,,,
,,,,
,,,,
,,,,
,,,,
,,,,
,,,,
,,,,
,,,,
,,,,
,,,,
,,,,
,,,,
,,,,
,,,,
,,,,
,,,,
,,,,
,,,,
,,,,
,,,,
,,,,
,,,,
,,,,
,,,,
,,,,
,,,,
,,,,
,,,,
,,,,
,,,,
,,,,
,,,,
,,,,
,,,,
,,,,
,,,,
,,,,
,,,,
,,,,
,,,,
,,,,
,,,,
,,,,
,,,,
,,,,
,,,,
,,,,
,,,,
,,,,
,,,,
,,,,
,,,,
,,,,
,,,,
,,,,
,,,,
,,,,
,,,,
,,,,
,,,,
,,,,
,,,,
,,,,
,,,,
,,,,
,,,,
,,,,
,,,,
,,,,
,,,,
,,,,
,,,,
,,,,
,,,,
,,,,
,,,,
,,,,
,,,,
,,,,
,,,,
,,,,
,,,,
,,,,
,,,,
,,,,
,,,,
,,,,
,,,,
,,,,
,,,,
,,,,
,,,,
,,,,
,,,,
,,,,
,,,,
,,,,
,,,,
,,,,
,,,,
,,,,
,,,,
,,,,
,,,,
,,,,
,,,,
,,,,
,,,,
,,,,
,,,,
,,,,
,,,,
,,,,
,,,,
,,,,
,,,,
,,,,
,,,,
,,,,
,,,,
,,,,
,,,,
,,,,
,,,,
,,,,
,,,,
,,,,
,,,,
,,,,
,,,,
,,,,
,,,,
,,,,
,,,,
,,,,
,,,,
,,,,
,,,,
,,,,
,,,,
,,,,
,,,,
,,,,
,,,,
,,,,
,,,,
,,,,
,,,,
,,,,
,,,,
,,,,
,,,,
,,,,
,,,,
,,,,
,,,,
,,,,
,,,,
,,,,
,,,,
,,,,
,,,,
,,,,
,,,,
,,,,
,,,,
,,,,
,,,,
,,,,
,,,,
,,,,
,,,,
,,,,
,,,,
,,,,
,,,,
,,,,
,,,,
,,,,
,,,,
,,,,
,,,,
,,,,
,,,,
,,,,
,,,,
,,,,
,,,,
,,,,
,,,,
,,,,
,,,,
,,,,
,,,,
,,,,
,,,,
,,,,
,,,,
,,,,
,,,,
,,,,
,,,,
,,,,
,,,,
,,,,
,,,,
,,,,
,,,,
,,,,
,,,,
,,,,
,,,,
,,,,
,,,,
,,,,
,,,,
,,,,
,,,,
,,,,
,,,,
,,,,
,,,,
,,,,
,,,,
,,,,
,,,,
,,,,
,,,,
,,,,
,,,,
,,,,
,,,,
,,,,
,,,,
,,,,
,,,,
,,,,
,,,,
,,,,
,,,,
,,,,
,,,,
,,,,
,,,,
,,,,
,,,,
,,,,
,,,,
,,,,
,,,,
,,,,
,,,,
,,,,
,,,,
,,,,
,,,,
,,,,
,,,,
,,,,
,,,,
,,,,
,,,,
,,,,
,,,,
,,,,
,,,,
,,,,
,,,,
,,,,
,,,,
,,,,
,,,,
,,,,
,,,,
,,,,
,,,,
,,,,
,,,,
,,,,
,,,,
,,,,
,,,,
,,,,
,,,,
,,,,
,,,,
,,,,
,,,,
,,,,
,,,,
,,,,
,,,,
,,,,
,,,,
,,,,
,,,,
,,,,
,,,,
,,,,
,,,,
,,,,
,,,,
,,,,
,,,,
,,,,
,,,,
,,,,
,,,,
,,,,
,,,,
,,,,
,,,,
,,,,
,,,,
,,,,
,,,,
,,,,
,,,,
,,,,
,,,,
,,,,
,,,,
,,,,
,,,,
,,,,
,,,,
,,,,
,,,,
,,,,
,,,,
,,,,
,,,,
,,,,
,,,,
,,,,
,,,,
,,,,
,,,,
,,,,
,,,,
,,,,
,,,,
,,,,
,,,,
,,,,
,,,,
,,,,
,,,,
,,,,
,,,,
,,,,
,,,,
,,,,
,,,,
,,,,
,,,,
,,,,
,,,,
,,,,
,,,,
,,,,
,,,,
,,,,
,,,,
,,,,
,,,,
,,,,
,,,,
,,,,
,,,,
,,,,
,,,,
,,,,
,,,,
,,,,
,,,,
,,,,
,,,,
,,,,
,,,,
,,,,
,,,,
,,,,
,,,,
,,,,
,,,,
,,,,
,,,,
,,,,
,,,,
,,,,
,,,,
,,,,
,,,,
,,,,
,,,,
,,,,
,,,,
,,,,
,,,,
,,,,
,,,,
,,,,
,,,,
,,,,
,,,,
,,,,
,,,,
,,,,
,,,,
,,,,
,,,,
,,,,
,,,,
,,,,
,,,,
,,,,
,,,,
,,,,
,,,,
,,,,
,,,,
,,,,
,,,,
,,,,
,,,,
,,,,
,,,,
,,,,
,,,,
,,,,
,,,,
,,,,
,,,,
,,,,
,,,,
,,,,
,,,,
,,,,
,,,,
,,,,
,,,,
,,,,
,,,,
,,,,
,,,,
,,,,
,,,,
,,,,
,,,,
,,,,
,,,,
,,,,
,,,,
,,,,
,,,,
,,,,
,,,,
,,,,
,,,,
,,,,
,,,,
,,,,
,,,,
,,,,
,,,,
,,,,
,,,,
,,,,
,,,,
,,,,
,,,,
,,,,
,,,,
,,,,
,,,,
,,,,
,,,,
,,,,
,,,,
,,,,
,,,,
,,,,
,,,,
,,,,
,,,,
,,,,
,,,,
,,,,
,,,,
,,,,
,,,,
,,,,
,,,,
,,,,
,,,,
,,,,
,,,,
,,,,
,,,,
,,,,
,,,,
,,,,
,,,,
,,,,
,,,,
,,,,
,,,,
,,,,
,,,,
,,,,
,,,,
,,,,
,,,,
,,,,
,,,,
,,,,
,,,,
,,,,
,,,,
,,,,
,,,,
,,,,
,,,,
,,,,
,,,,
,,,,
,,,,
,,,,
,,,,
,,,,
,,,,
,,,,
,,,,
,,,,
,,,,
,,,,
,,,,
,,,,
,,,,
,,,,
,,,,
,,,,
,,,,
,,,,
,,,,
,,,,
,,,,
,,,,
,,,,
,,,,
,,,,
,,,,
,,,,
,,,,
,,,,
,,,,
,,,,
,,,,
,,,,
,,,,
,,,,
,,,,
,,,,
,,,,
,,,,
,,,,
,,,,
,,,,
,,,,
,,,,
,,,,
,,,,
,,,,
,,,,
,,,,
,,,,
,,,,
,,,,
,,,,
,,,,
,,,,
,,,,
,,,,
,,,,
,,,,
,,,,
,,,,
,,,,
,,,,
,,,,
,,,,
,,,,
,,,,
,,,,
,,,,
,,,,
,,,,
,,,,
,,,,
,,,,
,,,,
,,,,
,,,,
,,,,
,,,,
,,,,
,,,,
,,,,
,,,,
,,,,
,,,,
,,,,
,,,,
,,,,
,,,,
,,,,
,,,,
,,,,
,,,,
,,,,
,,,,
,,,,
,,,,
,,,,
,,,,
,,,,
,,,,
,,,,
,,,,
,,,,
,,,,
,,,,
,,,,
,,,,
,,,,
,,,,
,,,,
,,,,
,,,,
,,,,
,,,,
,,,,
,,,,
,,,,
,,,,
,,,,
,,,,
,,,,
,,,,
,,,,
,,,,
,,,,
,,,,
,,,,
,,,,
,,,,
,,,,
,,,,
,,,,
,,,,
,,,,
,,,,
,,,,
,,,,
,,,,
,,,,
,,,,
,,,,
,,,,
,,,,
,,,,
,,,,
,,,,
,,,,
,,,,
,,,,
,,,,
,,,,
,,,,
,,,,
,,,,
,,,,
,,,,
,,,,
,,,,
,,,,
,,,,
,,,,
,,,,
,,,,
,,,,
,,,,
,,,,
,,,,
,,,,
,,,,
,,,,
,,,,
,,,,
,,,,
,,,,
,,,,
,,,,
,,,,
,,,,
,,,,
,,,,
,,,,
,,,,
,,,,
,,,,
,,,,
,,,,
,,,,
,,,,
,,,,
,,,,
,,,,
,,,,
,,,,
,,,,
,,,,
,,,,
,,,,
,,,,
,,,,
,,,,
,,,,
,,,,
,,,,
,,,,
,,,,
,,,,
,,,,
,,,,
,,,,
,,,,
,,,,
,,,,
,,,,
,,,,
,,,,
,,,,
,,,,
,,,,
,,,,
,,,,
,,,,
,,,,
,,,,
,,,,
,,,,
,,,,
,,,,
,,,,
,,,,
,,,,
,,,,
,,,,
,,,,
,,,,
,,,,
,,,,
,,,,
,,,,
,,,,
,,,,
,,,,
,,,,
,,,,
,,,,
,,,,
,,,,
,,,,
,,,,
,,,,
,,,,
,,,,
,,,,
,,,,
,,,,
,,,,
,,,,
,,,,
,,,,
,,,,
,,,,
,,,,
,,,,
,,,,
,,,,
,,,,
,,,,
,,,,
,,,,
,,,,
,,,,
,,,,
,,,,
,,,,
,,,,
,,,,
,,,,
,,,,
,,,,
,,,,
,,,,
,,,,
,,,,
,,,,
,,,,
,,,,
,,,,
,,,,
,,,,
,,,,
,,,,
,,,,
,,,,
,,,,
,,,,
,,,,
,,,,
,,,,
,,,,
,,,,
,,,,
,,,,
,,,,
,,,,
,,,,
,,,,
,,,,
,,,,
,,,,
,,,,
,,,,
,,,,
,,,,
,,,,
,,,,
,,,,
,,,,
,,,,
,,,,
,,,,
,,,,
,,,,
,,,,
,,,,
,,,,
,,,,
,,,,
,,,,
,,,,
,,,,
,,,,
,,,,
,,,,
,,,,
,,,,
,,,,
,,,,
,,,,
,,,,
,,,,
,,,,
,,,,
,,,,
,,,,
,,,,
,,,,
,,,,
,,,,
,,,,
,,,,
,,,,
,,,,
,,,,
,,,,
,,,,
,,,,
,,,,
,,,,
,,,,
,,,,
,,,,
,,,,
,,,,
,,,,
,,,,
,,,,
,,,,
,,,,
,,,,
,,,,
,,,,
,,,,
,,,,
,,,,
,,,,
,,,,
,,,,
,,,,
,,,,
,,,,
,,,,
,,,,
,,,,
,,,,
,,,,
,,,,
,,,,
,,,,
,,,,
,,,,
,,,,
,,,,
,,,,
,,,,
,,,,
,,,,
,,,,
,,,,
,,,,
,,,,
,,,,
,,,,
,,,,
,,,,
,,,,
,,,,
,,,,
,,,,
,,,,
,,,,
,,,,
,,,,
,,,,
,,,,
,,,,
,,,,
,,,,
,,,,
,,,,
,,,,
,,,,
,,,,
,,,,
,,,,
,,,,
,,,,
,,,,
,,,,
,,,,
,,,,
,,,,
,,,,
,,,,
,,,,
,,,,
,,,,
,,,,
,,,,
,,,,
,,,,
,,,,
,,,,
,,,,
,,,,
,,,,
,,,,
,,,,
,,,,
,,,,
,,,,
,,,,
,,,,
,,,,
,,,,
,,,,
,,,,
,,,,
,,,,
,,,,
,,,,
,,,,
,,,,
,,,,
,,,,
,,,,
,,,,
,,,,
,,,,
,,,,
,,,,
,,,,
,,,,
,,,,
,,,,
,,,,
,,,,
,,,,
,,,,
,,,,
,,,,
,,,,
,,,,
,,,,
,,,,
,,,,
,,,,
,,,,
,,,,
,,,,
,,,,
,,,,
,,,,
,,,,
,,,,
,,,,
,,,,
,,,,
,,,,
,,,,
,,,,
,,,,
,,,,
,,,,
,,,,
,,,,
,,,,
,,,,
,,,,
,,,,
,,,,
,,,,
,,,,
,,,,
,,,,
,,,,
,,,,
,,,,
,,,,
,,,,
,,,,
,,,,
,,,,
,,,,
,,,,
,,,,
,,,,
,,,,
,,,,
,,,,
,,,,
,,,,
,,,,
,,,,
,,,,
,,,,
,,,,
,,,,
,,,,
,,,,
,,,,
,,,,
,,,,
,,,,
,,,,
,,,,
,,,,
,,,,
,,,,
,,,,
,,,,
,,,,
,,,,
,,,,
,,,,
,,,,
,,,,
,,,,
,,,,
,,,,
,,,,
,,,,
,,,,
,,,,
,,,,
,,,,
,,,,
,,,,
,,,,
,,,,
,,,,
,,,,
,,,,
,,,,
,,,,
,,,,
,,,,
,,,,
,,,,
,,,,
,,,,
,,,,
,,,,
,,,,
,,,,
,,,,
,,,,
,,,,
,,,,
,,,,
,,,,
,,,,
,,,,
,,,,
,,,,
,,,,
,,,,
,,,,
,,,,
,,,,
,,,,
,,,,
,,,,
,,,,
,,,,
,,,,
,,,,
,,,,
,,,,
,,,,
,,,,
,,,,
,,,,
,,,,
,,,,
,,,,
,,,,
,,,,
,,,,
,,,,
,,,,
,,,,
,,,,
,,,,
,,,,
,,,,
,,,,
,,,,
,,,,
,,,,
,,,,
,,,,
,,,,
,,,,
,,,,
,,,,
,,,,
,,,,
,,,,
,,,,
,,,,
,,,,
,,,,
,,,,
,,,,
,,,,
,,,,
,,,,
,,,,
,,,,
,,,,
,,,,
,,,,
,,,,
,,,,
,,,,
,,,,
,,,,
,,,,
,,,,
,,,,
,,,,
,,,,
,,,,
,,,,
,,,,
,,,,
,,,,
,,,,
,,,,
,,,,
,,,,
,,,,
,,,,
,,,,
,,,,
,,,,
,,,,
,,,,
,,,,
,,,,
,,,,
,,,,
,,,,
,,,,
,,,,
,,,,
,,,,
,,,,
,,,,
,,,,
,,,,
,,,,
,,,,
,,,,
,,,,
,,,,
,,,,
,,,,
,,,,
,,,,
,,,,
,,,,
,,,,
,,,,
,,,,
,,,,
,,,,
,,,,
,,,,
,,,,
,,,,
,,,,
,,,,
,,,,
,,,,
,,,,
,,,,
,,,,
,,,,
,,,,
,,,,
,,,,
,,,,
,,,,
,,,,
,,,,
,,,,
,,,,
,,,,
,,,,
,,,,
,,,,
,,,,
,,,,
,,,,
,,,,
,,,,
,,,,
,,,,
,,,,
,,,,
,,,,
,,,,
,,,,
,,,,
,,,,
,,,,
,,,,
,,,,
,,,,
,,,,
,,,,
,,,,
,,,,
,,,,
,,,,
,,,,
,,,,
,,,,
,,,,
,,,,
,,,,
,,,,
,,,,
,,,,
,,,,
,,,,
,,,,
,,,,
,,,,
,,,,
,,,,
,,,,
,,,,
,,,,
,,,,
,,,,
,,,,
,,,,
,,,,
,,,,
,,,,
,,,,
,,,,
,,,,
,,,,
,,,,
,,,,
,,,,
,,,,
,,,,
,,,,
,,,,
,,,,
,,,,
,,,,
,,,,
,,,,
,,,,
,,,,
,,,,
,,,,
,,,,
,,,,
,,,,
,,,,
,,,,
,,,,
,,,,
,,,,
,,,,
,,,,
,,,,
,,,,
,,,,
,,,,
,,,,
,,,,
,,,,
,,,,
,,,,
,,,,
,,,,
,,,,
,,,,
,,,,
,,,,
,,,,
,,,,
,,,,
,,,,
,,,,
,,,,
,,,,
,,,,
,,,,
,,,,
,,,,
,,,,
,,,,
,,,,
,,,,
,,,,
,,,,
,,,,
,,,,
,,,,
,,,,
,,,,
,,,,
,,,,
,,,,
,,,,
,,,,
,,,,
,,,,
,,,,
,,,,
,,,,
,,,,
,,,,
,,,,
,,,,
,,,,
,,,,
,,,,
,,,,
,,,,
,,,,
,,,,
,,,,
,,,,
,,,,
,,,,
,,,,
,,,,
,,,,
,,,,
,,,,
,,,,
,,,,
,,,,
,,,,
,,,,
,,,,
,,,,
,,,,
,,,,
,,,,
,,,,
,,,,
,,,,
,,,,
,,,,
,,,,
,,,,
,,,,
,,,,
,,,,
,,,,
,,,,
,,,,
,,,,
,,,,
,,,,
,,,,
,,,,
,,,,
,,,,
,,,,
,,,,
,,,,
,,,,
,,,,
,,,,
,,,,
,,,,
,,,,
,,,,
,,,,
,,,,
,,,,
,,,,
,,,,
,,,,
,,,,
,,,,
,,,,
,,,,
,,,,
,,,,
,,,,
,,,,
,,,,
,,,,
,,,,
,,,,
,,,,
,,,,
,,,,
,,,,
,,,,
,,,,
,,,,
,,,,
,,,,
,,,,
,,,,
,,,,
,,,,
,,,,
,,,,
,,,,
,,,,
,,,,
,,,,
,,,,
,,,,
,,,,
,,,,
,,,,
,,,,
,,,,
,,,,
,,,,
,,,,
,,,,
,,,,
,,,,
,,,,
,,,,
,,,,
,,,,
,,,,
,,,,
,,,,
,,,,
,,,,
,,,,
,,,,
,,,,
,,,,
,,,,
,,,,
,,,,
,,,,
,,,,
,,,,
,,,,
,,,,
,,,,
,,,,
,,,,
,,,,
,,,,
,,,,
,,,,
,,,,
,,,,
,,,,
,,,,
,,,,
,,,,
,,,,
,,,,
,,,,
,,,,
,,,,
,,,,
,,,,
,,,,
,,,,
,,,,
,,,,
,,,,
,,,,
,,,,
,,,,
,,,,
,,,,
,,,,
,,,,
,,,,
,,,,
,,,,
,,,,
,,,,
,,,,
,,,,
,,,,
,,,,
,,,,
,,,,
,,,,
,,,,
,,,,
,,,,
,,,,
,,,,
,,,,
,,,,
,,,,
,,,,
,,,,
,,,,
,,,,
,,,,
,,,,
,,,,
,,,,
,,,,
,,,,
,,,,
,,,,
,,,,
,,,,
,,,,
,,,,
,,,,
,,,,
,,,,
,,,,
,,,,
,,,,
,,,,
,,,,
,,,,
,,,,
,,,,
,,,,
,,,,
,,,,
,,,,
,,,,
,,,,
,,,,
,,,,
,,,,
,,,,
,,,,
,,,,
,,,,
,,,,
,,,,
,,,,
,,,,
,,,,
,,,,
,,,,
,,,,
,,,,
,,,,
,,,,
,,,,
,,,,
,,,,
,,,,
,,,,
,,,,
,,,,
,,,,
,,,,
,,,,
,,,,
,,,,
,,,,
,,,,
,,,,
,,,,
,,,,
,,,,
,,,,
,,,,
,,,,
,,,,
,,,,
,,,,
,,,,
,,,,
,,,,
,,,,
,,,,
,,,,
,,,,
,,,,
,,,,
,,,,
,,,,
,,,,
,,,,
,,,,
,,,,
,,,,
,,,,
,,,,
,,,,
,,,,
,,,,
,,,,
,,,,
,,,,
,,,,
,,,,
,,,,
,,,,
,,,,
,,,,
,,,,
,,,,
,,,,
,,,,
,,,,
,,,,
,,,,
,,,,
,,,,
,,,,
,,,,
,,,,
,,,,
,,,,
,,,,
,,,,
,,,,
,,,,
,,,,
,,,,
,,,,
,,,,
,,,,
,,,,
,,,,
,,,,
,,,,
,,,,
,,,,
,,,,
,,,,
,,,,
,,,,
,,,,
,,,,
,,,,
,,,,
,,,,
,,,,
,,,,
,,,,
,,,,
,,,,
,,,,
,,,,
,,,,
,,,,
,,,,
,,,,
,,,,
,,,,
,,,,
,,,,
,,,,
,,,,
,,,,
,,,,
,,,,
,,,,
,,,,
,,,,
,,,,
,,,,
,,,,
,,,,
,,,,
,,,,
,,,,
,,,,
,,,,
,,,,
,,,,
,,,,
,,,,
,,,,
,,,,
,,,,
,,,,
,,,,
,,,,
,,,,
,,,,
,,,,
,,,,
,,,,
,,,,
,,,,
,,,,
,,,,
,,,,
,,,,
,,,,
,,,,
,,,,
,,,,
,,,,
,,,,
,,,,
,,,,
,,,,
,,,,
,,,,
,,,,
,,,,
,,,,
,,,,
,,,,
,,,,
,,,,
,,,,
,,,,
,,,,
,,,,
,,,,
,,,,
,,,,
,,,,
,,,,
,,,,
,,,,
,,,,
,,,,
,,,,
,,,,
,,,,
,,,,
,,,,
,,,,
,,,,
,,,,
,,,,
,,,,
,,,,
,,,,
,,,,
,,,,
,,,,
,,,,
,,,,
,,,,
,,,,
,,,,
,,,,
,,,,
,,,,
,,,,
,,,,
,,,,
,,,,
,,,,
,,,,
,,,,
,,,,
,,,,
,,,,
,,,,
,,,,
,,,,
,,,,
,,,,
,,,,
,,,,
,,,,
,,,,
,,,,
,,,,
,,,,
,,,,
,,,,
,,,,
,,,,
,,,,
,,,,
,,,,
,,,,
,,,,
,,,,
,,,,
,,,,
,,,,
,,,,
,,,,
,,,,
,,,,
,,,,
,,,,
,,,,
,,,,
,,,,
,,,,
,,,,
,,,,
,,,,
,,,,
,,,,
,,,,
,,,,
,,,,
,,,,
,,,,
,,,,
,,,,
,,,,
,,,,
,,,,
,,,,
,,,,
,,,,
,,,,
,,,,
,,,,
,,,,
,,,,
,,,,
,,,,
,,,,
,,,,
,,,,
,,,,
,,,,
,,,,
,,,,
,,,,
,,,,
,,,,
,,,,
,,,,
,,,,
,,,,
,,,,
,,,,
,,,,
,,,,
,,,,
,,,,
,,,,
,,,,
,,,,
,,,,
,,,,
,,,,
,,,,
,,,,
,,,,
,,,,
,,,,
,,,,
,,,,
,,,,
,,,,
,,,,
,,,,
,,,,
,,,,
,,,,
,,,,
,,,,
,,,,
,,,,
,,,,
,,,,
,,,,
,,,,
,,,,
,,,,
,,,,
,,,,
,,,,
,,,,
,,,,
,,,,
,,,,
,,,,
,,,,
,,,,
,,,,
,,,,
,,,,
,,,,
,,,,
,,,,
,,,,
,,,,
,,,,
,,,,
,,,,
,,,,
,,,,
,,,,
,,,,
,,,,
,,,,
,,,,
,,,,
,,,,
,,,,
,,,,
,,,,
,,,,
,,,,
,,,,
,,,,
,,,,
,,,,
,,,,
,,,,
,,,,
,,,,
,,,,
,,,,
,,,,
,,,,
,,,,
,,,,
,,,,
,,,,
,,,,
,,,,
,,,,
,,,,
,,,,
,,,,
,,,,
,,,,
,,,,
,,,,
,,,,
,,,,
,,,,
,,,,
,,,,
,,,,
,,,,
,,,,
,,,,
,,,,
,,,,
,,,,
,,,,
,,,,
,,,,
,,,,
,,,,
,,,,
,,,,
,,,,
,,,,
,,,,
,,,,
,,,,
,,,,
,,,,
,,,,
,,,,
,,,,
,,,,
,,,,
,,,,
,,,,
,,,,
,,,,
,,,,
,,,,
,,,,
,,,,
,,,,
,,,,
,,,,
,,,,
,,,,
,,,,
,,,,
,,,,
,,,,
,,,,
,,,,
,,,,
,,,,
,,,,
,,,,
,,,,
,,,,
,,,,
,,,,
,,,,
,,,,
,,,,
,,,,
,,,,
,,,,
,,,,
,,,,
,,,,
,,,,
,,,,
,,,,
,,,,
,,,,
,,,,
,,,,
,,,,
,,,,
,,,,
,,,,
,,,,
,,,,
,,,,
,,,,
,,,,
,,,,
,,,,
,,,,
,,,,
,,,,
,,,,
,,,,
,,,,
,,,,
,,,,
,,,,
,,,,
,,,,
,,,,
,,,,
,,,,
,,,,
,,,,
,,,,
,,,,
,,,,
,,,,
,,,,
,,,,
,,,,
,,,,
,,,,
,,,,
,,,,
,,,,
,,,,
,,,,
,,,,
,,,,
,,,,
,,,,
,,,,
,,,,
,,,,
,,,,
,,,,
,,,,
,,,,
,,,,
,,,,
,,,,
,,,,
,,,,
,,,,
,,,,
,,,,
,,,,
,,,,
,,,,
,,,,
,,,,
,,,,
,,,,
,,,,
,,,,
,,,,
,,,,
,,,,
,,,,
,,,,
,,,,
,,,,
,,,,
,,,,
,,,,
,,,,
,,,,
,,,,
,,,,
,,,,
,,,,
,,,,
,,,,
,,,,
,,,,
,,,,
,,,,
,,,,
,,,,
,,,,
,,,,
,,,,
,,,,
,,,,
,,,,
,,,,
,,,,
,,,,
,,,,
,,,,
,,,,
,,,,
,,,,
,,,,
,,,,
,,,,
,,,,
,,,,
,,,,
,,,,
,,,,
,,,,
,,,,
,,,,
,,,,
,,,,
,,,,
,,,,
,,,,
,,,,
,,,,
,,,,
,,,,
,,,,
,,,,
,,,,
,,,,
,,,,
,,,,
,,,,
,,,,
,,,,
,,,,
,,,,
,,,,
,,,,
,,,,
,,,,
,,,,
,,,,
,,,,
,,,,
,,,,
,,,,
,,,,
,,,,
,,,,
,,,,
,,,,
,,,,
,,,,
,,,,
,,,,
,,,,
,,,,
,,,,
,,,,
,,,,
,,,,
,,,,
,,,,
,,,,
,,,,
,,,,
,,,,
,,,,
,,,,
,,,,
,,,,
,,,,
,,,,
,,,,
,,,,
,,,,
,,,,
,,,,
,,,,
,,,,
,,,,
,,,,
,,,,
,,,,
,,,,
,,,,
,,,,
,,,,
,,,,
,,,,
,,,,
,,,,
,,,,
,,,,
,,,,
,,,,
,,,,
,,,,
,,,,
,,,,
,,,,
,,,,
,,,,
,,,,
,,,,
,,,,
,,,,
,,,,
,,,,
,,,,
,,,,
,,,,
,,,,
,,,,
,,,,
,,,,
,,,,
,,,,
,,,,
,,,,
,,,,
,,,,
,,,,
,,,,
,,,,
,,,,
,,,,
,,,,
,,,,
,,,,
,,,,
,,,,
,,,,
,,,,
,,,,
,,,,
,,,,
,,,,
,,,,
,,,,
,,,,
,,,,
,,,,
,,,,
,,,,
,,,,
,,,,
,,,,
,,,,
,,,,
,,,,
,,,,
,,,,
,,,,
,,,,
,,,,
,,,,
,,,,
,,,,
,,,,
,,,,
,,,,
,,,,
,,,,
,,,,
,,,,
,,,,
,,,,
,,,,
,,,,
,,,,
,,,,
,,,,
,,,,
,,,,
,,,,
,,,,
,,,,
,,,,
,,,,
,,,,
,,,,
,,,,
,,,,
,,,,
,,,,
,,,,
,,,,
,,,,
,,,,
,,,,
,,,,
,,,,
,,,,
,,,,
,,,,
,,,,
,,,,
,,,,
,,,,
,,,,
,,,,
,,,,
,,,,
,,,,
,,,,
,,,,
,,,,
,,,,
,,,,
,,,,
,,,,
,,,,
,,,,
,,,,
,,,,
,,,,
,,,,
,,,,
,,,,
,,,,
,,,,
,,,,
,,,,
,,,,
,,,,
,,,,
,,,,
,,,,
,,,,
,,,,
,,,,
,,,,
,,,,
,,,,
,,,,
,,,,
,,,,
,,,,
,,,,
,,,,
,,,,
,,,,
,,,,
,,,,
,,,,
,,,,
,,,,
,,,,
,,,,
,,,,
,,,,
,,,,
,,,,
,,,,
,,,,
,,,,
,,,,
,,,,
,,,,
,,,,
,,,,
,,,,
,,,,
,,,,
,,,,
,,,,
,,,,
,,,,
,,,,
,,,,
,,,,
,,,,
,,,,
,,,,
,,,,
,,,,
,,,,
,,,,
,,,,
,,,,
,,,,
,,,,
,,,,
,,,,
,,,,
,,,,
,,,,
,,,,
,,,,
,,,,
,,,,
,,,,
,,,,
,,,,
,,,,
,,,,
,,,,
,,,,
,,,,
,,,,
,,,,
,,,,
,,,,
,,,,
,,,,
,,,,
,,,,
,,,,
,,,,
,,,,
,,,,
,,,,
,,,,
,,,,
,,,,
,,,,
,,,,
,,,,
,,,,
,,,,
,,,,
,,,,
,,,,
,,,,
,,,,
,,,,
,,,,
,,,,
,,,,
,,,,
,,,,
,,,,
,,,,
,,,,
,,,,
,,,,
,,,,
,,,,
,,,,
,,,,
,,,,
,,,,
,,,,
,,,,
,,,,
,,,,
,,,,
,,,,
,,,,
,,,,
,,,,
,,,,
,,,,
,,,,
,,,,
,,,,
,,,,
,,,,
,,,,
,,,,
,,,,
,,,,
,,,,
,,,,
,,,,
,,,,
,,,,
,,,,
,,,,
,,,,
,,,,
,,,,
,,,,
,,,,
,,,,
,,,,
,,,,
,,,,
,,,,
,,,,
,,,,
,,,,
,,,,
,,,,
,,,,
,,,,
,,,,
,,,,
,,,,
,,,,
,,,,
,,,,
,,,,
,,,,
,,,,
,,,,
,,,,
,,,,
,,,,
,,,,
,,,,
,,,,
,,,,
,,,,
,,,,
,,,,
,,,,
,,,,
,,,,
,,,,
,,,,
,,,,
,,,,
,,,,
,,,,
,,,,
,,,,
,,,,
,,,,
,,,,
,,,,
,,,,
,,,,
,,,,
,,,,
,,,,
,,,,
,,,,
,,,,
,,,,
,,,,
,,,,
,,,,
,,,,
,,,,
,,,,
,,,,
,,,,
,,,,
,,,,
,,,,
,,,,
,,,,
,,,,
,,,,
,,,,
,,,,
,,,,
,,,,
,,,,
,,,,
,,,,
,,,,
,,,,
,,,,
,,,,
,,,,
,,,,
,,,,
,,,,
,,,,
,,,,
,,,,
,,,,
,,,,
,,,,
,,,,
,,,,
,,,,
,,,,
,,,,
,,,,
,,,,
,,,,
,,,,
,,,,
,,,,
,,,,
,,,,
,,,,
,,,,
,,,,
,,,,
,,,,
,,,,
,,,,
,,,,
,,,,
,,,,
,,,,
,,,,
,,,,
,,,,
,,,,
,,,,
,,,,
,,,,
,,,,
,,,,
,,,,
,,,,
,,,,
,,,,
,,,,
,,,,
,,,,
,,,,
,,,,
,,,,
,,,,
,,,,
,,,,
,,,,
,,,,
,,,,
,,,,
,,,,
,,,,
,,,,
,,,,
,,,,
,,,,
,,,,
,,,,
,,,,
,,,,
,,,,
,,,,
,,,,
,,,,
,,,,
,,,,
,,,,
,,,,
,,,,
,,,,
,,,,
,,,,
,,,,
,,,,
,,,,
,,,,
,,,,
,,,,
,,,,
,,,,
,,,,
,,,,
,,,,
,,,,
,,,,
,,,,
,,,,
,,,,
,,,,
,,,,
,,,,
,,,,
,,,,
,,,,
,,,,
,,,,
,,,,
,,,,
,,,,
,,,,
,,,,
,,,,
,,,,
,,,,
,,,,
,,,,
,,,,
,,,,
,,,,
,,,,
,,,,
,,,,
,,,,
,,,,
,,,,
,,,,
,,,,
,,,,
,,,,
,,,,
,,,,
,,,,
,,,,
,,,,
,,,,
,,,,
,,,,
,,,,
,,,,
,,,,
,,,,
,,,,
,,,,
,,,,
,,,,
,,,,
,,,,
,,,,
,,,,
,,,,
,,,,
,,,,
,,,,
,,,,
,,,,
,,,,
,,,,
,,,,
,,,,
,,,,
,,,,
,,,,
,,,,
,,,,
,,,,
,,,,
,,,,
,,,,
,,,,
,,,,
,,,,
,,,,
,,,,
,,,,
,,,,
,,,,
,,,,
,,,,
,,,,
,,,,
,,,,
,,,,
,,,,
,,,,
,,,,
,,,,
,,,,
,,,,
,,,,
,,,,
,,,,
,,,,
,,,,
,,,,
,,,,
,,,,
,,,,
,,,,
,,,,
,,,,
,,,,
,,,,
,,,,
,,,,
,,,,
,,,,
,,,,
,,,,
,,,,
,,,,
,,,,
,,,,
,,,,
,,,,
,,,,
,,,,
,,,,
,,,,
,,,,
,,,,
,,,,
,,,,
,,,,
,,,,
,,,,
,,,,
,,,,
,,,,
,,,,
,,,,
,,,,
,,,,
,,,,
,,,,
,,,,
,,,,
,,,,
,,,,
,,,,
,,,,
,,,,
,,,,
,,,,
,,,,
,,,,
,,,,
,,,,
,,,,
,,,,
,,,,
,,,,
,,,,
,,,,
,,,,
,,,,
,,,,
,,,,
,,,,
,,,,
,,,,
,,,,
,,,,
,,,,
,,,,
,,,,
,,,,
,,,,
,,,,
,,,,
,,,,
,,,,
,,,,
,,,,
,,,,
,,,,
,,,,
,,,,
,,,,
,,,,
,,,,
,,,,
,,,,
,,,,
,,,,
,,,,
,,,,
,,,,
,,,,
,,,,
,,,,
,,,,
,,,,
,,,,
,,,,
,,,,
,,,,
,,,,
,,,,
,,,,
,,,,
,,,,
,,,,
,,,,
,,,,
,,,,
,,,,
,,,,
,,,,
,,,,
,,,,
,,,,
,,,,
,,,,
,,,,
,,,,
,,,,
,,,,
,,,,
,,,,
,,,,
,,,,
,,,,
,,,,
,,,,
,,,,
,,,,
,,,,
,,,,
,,,,
,,,,
,,,,
,,,,
,,,,
,,,,
,,,,
,,,,
,,,,
,,,,
,,,,
,,,,
,,,,
,,,,
,,,,
,,,,
,,,,
,,,,
,,,,
,,,,
,,,,
,,,,
,,,,
,,,,
,,,,
,,,,
,,,,
,,,,
,,,,
,,,,
,,,,
,,,,
,,,,
,,,,
,,,,
,,,,
,,,,
,,,,
,,,,
,,,,
,,,,
,,,,
,,,,
,,,,
,,,,
,,,,
,,,,
,,,,
,,,,
,,,,
,,,,
,,,,
,,,,
,,,,
,,,,
,,,,
,,,,
,,,,
,,,,
,,,,
,,,,
,,,,
,,,,
,,,,
,,,,
,,,,
,,,,
,,,,
,,,,
,,,,
,,,,
,,,,
,,,,
,,,,
,,,,
,,,,
,,,,
,,,,
,,,,
,,,,
,,,,
,,,,
,,,,
,,,,
,,,,
,,,,
,,,,
,,,,
,,,,
,,,,
,,,,
,,,,
,,,,
,,,,
,,,,
,,,,
,,,,
,,,,
,,,,
,,,,
,,,,
,,,,
,,,,
,,,,
,,,,
,,,,
,,,,
,,,,
,,,,
,,,,
,,,,
,,,,
,,,,
,,,,
,,,,
,,,,
,,,,
,,,,
,,,,
,,,,
,,,,
,,,,
,,,,
,,,,
,,,,
,,,,
,,,,
,,,,
,,,,
,,,,
,,,,
,,,,
,,,,
,,,,
,,,,
,,,,
,,,,
,,,,
,,,,
,,,,
,,,,
,,,,
,,,,
,,,,
,,,,
,,,,
,,,,
,,,,
,,,,
,,,,
,,,,
,,,,
,,,,
,,,,
,,,,
,,,,
,,,,
,,,,
,,,,
,,,,
,,,,
,,,,
,,,,
,,,,
,,,,
,,,,
,,,,
,,,,
,,,,
,,,,
,,,,
,,,,
,,,,
,,,,
,,,,
,,,,
,,,,
,,,,
,,,,
,,,,
,,,,
,,,,
,,,,
,,,,
,,,,
,,,,
,,,,
,,,,
,,,,
,,,,
,,,,
,,,,
,,,,
,,,,
,,,,
,,,,
,,,,
,,,,
,,,,
,,,,
,,,,
,,,,
,,,,
,,,,
,,,,
,,,,
,,,,
,,,,
,,,,
,,,,
,,,,
,,,,
,,,,
,,,,
,,,,
,,,,
,,,,
,,,,
,,,,
,,,,
,,,,
,,,,
,,,,
,,,,
,,,,
,,,,
,,,,
,,,,
,,,,
,,,,
,,,,
,,,,
,,,,
,,,,
,,,,
,,,,
,,,,
,,,,
,,,,
,,,,
,,,,
,,,,
,,,,
,,,,
,,,,
,,,,
,,,,
,,,,
,,,,
,,,,
,,,,
,,,,
,,,,
,,,,
,,,,
,,,,
,,,,
,,,,
,,,,
,,,,
,,,,
,,,,
,,,,
,,,,
,,,,
,,,,
,,,,
,,,,
,,,,
,,,,
,,,,
,,,,
,,,,
,,,,
,,,,
,,,,
,,,,
,,,,
,,,,
,,,,
,,,,
,,,,
,,,,
,,,,
,,,,
,,,,
,,,,
,,,,
,,,,
,,,,
,,,,
,,,,
,,,,
,,,,
,,,,
,,,,
,,,,
,,,,
,,,,
,,,,
,,,,
,,,,
,,,,
,,,,
,,,,
,,,,
,,,,
,,,,
,,,,
,,,,
,,,,
,,,,
,,,,
,,,,
,,,,
,,,,
,,,,
,,,,
,,,,
,,,,
,,,,
,,,,
,,,,
,,,,
,,,,
,,,,
,,,,
,,,,
,,,,
,,,,
,,,,
,,,,
,,,,
,,,,
,,,,
,,,,
,,,,
,,,,
,,,,
,,,,
,,,,
,,,,
,,,,
,,,,
,,,,
,,,,
,,,,
,,,,
,,,,
,,,,
,,,,
,,,,
,,,,
,,,,
,,,,
,,,,
,,,,
,,,,
,,,,
,,,,
,,,,
,,,,
,,,,
,,,,
,,,,
,,,,
,,,,
,,,,
,,,,
,,,,
,,,,
,,,,
,,,,
,,,,
,,,,
,,,,
,,,,
,,,,
,,,,
,,,,
,,,,
,,,,
,,,,
,,,,
,,,,
,,,,
,,,,
,,,,
,,,,
,,,,
,,,,
,,,,
,,,,
,,,,
,,,,
,,,,
,,,,
,,,,
,,,,
,,,,
,,,,
,,,,
,,,,
,,,,
,,,,
,,,,
,,,,
,,,,
,,,,
,,,,
,,,,
,,,,
,,,,
,,,,
,,,,
,,,,
,,,,
,,,,
,,,,
,,,,
,,,,
,,,,
,,,,
,,,,
,,,,
,,,,
,,,,
,,,,
,,,,
,,,,
,,,,
,,,,
,,,,
,,,,
,,,,
,,,,
,,,,
,,,,
,,,,
,,,,
,,,,
,,,,
,,,,
,,,,
,,,,
,,,,
,,,,
,,,,
,,,,
,,,,
,,,,
,,,,
,,,,
,,,,
,,,,
,,,,
,,,,
,,,,
,,,,
,,,,
,,,,
,,,,
,,,,
,,,,
,,,,
,,,,
,,,,
,,,,
,,,,
,,,,
,,,,
,,,,
,,,,
,,,,
,,,,
,,,,
,,,,
,,,,
,,,,
,,,,
,,,,
,,,,
,,,,
,,,,
,,,,
,,,,
,,,,
,,,,
,,,,
,,,,
,,,,
,,,,
,,,,
,,,,
,,,,
,,,,
,,,,
,,,,
,,,,
,,,,
,,,,
,,,,
,,,,
,,,,
,,,,
,,,,
,,,,
,,,,
,,,,
,,,,
,,,,
,,,,
,,,,
,,,,
,,,,
,,,,
,,,,
,,,,
,,,,
,,,,
,,,,
,,,,
,,,,
,,,,
,,,,
,,,,
,,,,
,,,,
,,,,
,,,,
,,,,
,,,,
,,,,
,,,,
,,,,
,,,,
,,,,
,,,,
,,,,
,,,,
,,,,
,,,,
,,,,
,,,,
,,,,
,,,,
,,,,
,,,,
,,,,
,,,,
,,,,
,,,,
,,,,
,,,,
,,,,
,,,,
,,,,
,,,,
,,,,
,,,,
,,,,
,,,,
,,,,
,,,,
,,,,
,,,,
,,,,
,,,,
,,,,
,,,,
,,,,
,,,,
,,,,
,,,,
,,,,
,,,,
,,,,
,,,,
,,,,
,,,,
,,,,
,,,,
,,,,
,,,,
,,,,
,,,,
,,,,
,,,,
,,,,
,,,,
,,,,
,,,,
,,,,
,,,,
,,,,
,,,,
,,,,
,,,,
,,,,
,,,,
,,,,
,,,,
,,,,
,,,,
,,,,
,,,,
,,,,
,,,,
,,,,
,,,,
,,,,
,,,,
,,,,
,,,,
,,,,
,,,,
,,,,
,,,,
,,,,
,,,,
,,,,
,,,,
,,,,
,,,,
,,,,
,,,,
,,,,
,,,,
,,,,
,,,,
,,,,
,,,,
,,,,
,,,,
,,,,
,,,,
,,,,
,,,,
,,,,
,,,,
,,,,
,,,,
,,,,
,,,,
,,,,
,,,,
,,,,
,,,,
,,,,
,,,,
,,,,
,,,,
,,,,
,,,,
,,,,
,,,,
,,,,
,,,,
,,,,
,,,,
,,,,
,,,,
,,,,
,,,,
,,,,
,,,,
,,,,
,,,,
,,,,
,,,,
,,,,
,,,,
,,,,
,,,,
,,,,
,,,,
,,,,
,,,,
,,,,
,,,,
,,,,
,,,,
,,,,
,,,,
,,,,
,,,,
,,,,
,,,,
,,,,
,,,,
,,,,
,,,,
,,,,
,,,,
,,,,
,,,,
,,,,
,,,,
,,,,
,,,,
,,,,
,,,,
,,,,
,,,,
,,,,
,,,,
,,,,
,,,,
,,,,
,,,,
,,,,
,,,,
,,,,
,,,,
,,,,
,,,,
,,,,
,,,,
,,,,
,,,,
,,,,
,,,,
,,,,
,,,,
,,,,
,,,,
,,,,
,,,,
,,,,
,,,,
,,,,
,,,,
,,,,
,,,,
,,,,
,,,,
,,,,
,,,,
,,,,
,,,,
,,,,
,,,,
,,,,
,,,,
,,,,
,,,,
,,,,
,,,,
,,,,
,,,,
,,,,
,,,,
,,,,
,,,,
,,,,
,,,,
,,,,
,,,,
,,,,
,,,,
,,,,
,,,,
,,,,
,,,,
,,,,
,,,,
,,,,
,,,,
,,,,
,,,,
,,,,
,,,,
,,,,
,,,,
,,,,
,,,,
,,,,
,,,,
,,,,
,,,,
,,,,
,,,,
,,,,
,,,,
,,,,
,,,,
,,,,
,,,,
,,,,
,,,,
,,,,
,,,,
,,,,
,,,,
,,,,
,,,,
,,,,
,,,,
,,,,
,,,,
,,,,
,,,,
,,,,
,,,,
,,,,
,,,,
,,,,
,,,,
,,,,
,,,,
,,,,
,,,,
,,,,
,,,,
,,,,
,,,,
,,,,
,,,,
,,,,
,,,,
,,,,
,,,,
,,,,
,,,,
,,,,
,,,,
,,,,
,,,,
,,,,
,,,,
,,,,
,,,,
,,,,
,,,,
,,,,
,,,,
,,,,
,,,,
,,,,
,,,,
,,,,
,,,,
,,,,
,,,,
,,,,
,,,,
,,,,
,,,,
,,,,
,,,,
,,,,
,,,,
,,,,
,,,,
,,,,
,,,,
,,,,
,,,,
,,,,
,,,,
,,,,
,,,,
,,,,
,,,,
,,,,
,,,,
,,,,
,,,,
,,,,
,,,,
,,,,
,,,,
,,,,
,,,,
,,,,
,,,,
,,,,
,,,,
,,,,
,,,,
,,,,
,,,,
,,,,
,,,,
,,,,
,,,,
,,,,
,,,,
,,,,
,,,,
,,,,
,,,,
,,,,
,,,,
,,,,
,,,,
,,,,
,,,,
,,,,
,,,,
,,,,
,,,,
,,,,
,,,,
,,,,
,,,,
,,,,
,,,,
,,,,
,,,,
,,,,
,,,,
,,,,
,,,,
,,,,
,,,,
,,,,
,,,,
,,,,
,,,,
,,,,
,,,,
,,,,
,,,,
,,,,
,,,,
,,,,
,,,,
,,,,
,,,,
,,,,
,,,,
,,,,
,,,,
,,,,
,,,,
,,,,
,,,,
,,,,
,,,,
,,,,
,,,,
,,,,
,,,,
,,,,
,,,,
,,,,
,,,,
,,,,
,,,,
,,,,
,,,,
,,,,
,,,,
,,,,
,,,,
,,,,
,,,,
,,,,
,,,,
,,,,
,,,,
,,,,
,,,,
,,,,
,,,,
,,,,
,,,,
,,,,
,,,,
,,,,
,,,,
,,,,
,,,,
,,,,
,,,,
,,,,
,,,,
,,,,
,,,,
,,,,
,,,,
,,,,
,,,,
,,,,
,,,,
,,,,
,,,,
,,,,
,,,,
,,,,
,,,,
,,,,
,,,,
,,,,
,,,,
,,,,
,,,,
,,,,
,,,,
,,,,
,,,,
,,,,
,,,,
,,,,
,,,,
,,,,
,,,,
,,,,
,,,,
,,,,
,,,,
,,,,
,,,,
,,,,
,,,,
,,,,
,,,,
,,,,
,,,,
,,,,
,,,,
,,,,
,,,,
,,,,
,,,,
,,,,
,,,,
,,,,
,,,,
,,,,
,,,,
,,,,
,,,,
,,,,
,,,,
,,,,
,,,,
,,,,
,,,,
,,,,
,,,,
,,,,
,,,,
,,,,
,,,,
,,,,
,,,,
,,,,
,,,,
,,,,
,,,,
,,,,
,,,,
,,,,
,,,,
,,,,
,,,,
,,,,
,,,,
,,,,
,,,,
,,,,
,,,,
,,,,
,,,,
,,,,
,,,,
,,,,
,,,,
,,,,
,,,,
,,,,
,,,,
,,,,
,,,,
,,,,
,,,,
,,,,
,,,,
,,,,
,,,,
,,,,
,,,,
,,,,
,,,,
,,,,
,,,,
,,,,
,,,,
,,,,
,,,,
,,,,
,,,,
,,,,
,,,,
,,,,
,,,,
,,,,
,,,,
,,,,
,,,,
,,,,
,,,,
,,,,
,,,,
,,,,
,,,,
,,,,
,,,,
,,,,
,,,,
,,,,
,,,,
,,,,
,,,,
,,,,
,,,,
,,,,
,,,,
,,,,
,,,,
,,,,
,,,,
,,,,
,,,,
,,,,
,,,,
,,,,
,,,,
,,,,
,,,,
,,,,
,,,,
,,,,
,,,,
,,,,
,,,,
,,,,
,,,,
,,,,
,,,,
,,,,
,,,,
,,,,
,,,,
,,,,
,,,,
,,,,
,,,,
,,,,
,,,,
,,,,
,,,,
,,,,
,,,,
,,,,
,,,,
,,,,
,,,,
,,,,
,,,,
,,,,
,,,,
,,,,
,,,,
,,,,
,,,,
,,,,
,,,,
,,,,
,,,,
,,,,
,,,,
,,,,
,,,,
,,,,
,,,,
,,,,
,,,,
,,,,
,,,,
,,,,
,,,,
,,,,
,,,,
,,,,
,,,,
,,,,
,,,,
,,,,
,,,,
,,,,
,,,,
,,,,
,,,,
,,,,
,,,,
,,,,
,,,,
,,,,
,,,,
,,,,
,,,,
,,,,
,,,,
,,,,
,,,,
,,,,
,,,,
,,,,
,,,,
,,,,
,,,,
,,,,
,,,,
,,,,
,,,,
,,,,
,,,,
,,,,
,,,,
,,,,
,,,,
,,,,
,,,,
,,,,
,,,,
,,,,
,,,,
,,,,
,,,,
,,,,
,,,,
,,,,
,,,,
,,,,
,,,,
,,,,
,,,,
,,,,
,,,,
,,,,
,,,,
,,,,
,,,,
,,,,
,,,,
,,,,
,,,,
,,,,
,,,,
,,,,
,,,,
,,,,
,,,,
,,,,
,,,,
,,,,
,,,,
,,,,
,,,,
,,,,
,,,,
,,,,
,,,,
,,,,
,,,,
,,,,
,,,,
,,,,
,,,,
,,,,
,,,,
,,,,
,,,,
,,,,
,,,,
,,,,
,,,,
,,,,
,,,,
,,,,
,,,,
,,,,
,,,,
,,,,
,,,,
,,,,
,,,,
,,,,
,,,,
,,,,
,,,,
,,,,
,,,,
,,,,
,,,,
,,,,
,,,,
,,,,
,,,,
,,,,
,,,,
,,,,
,,,,
,,,,
,,,,
,,,,
,,,,
,,,,
,,,,
,,,,
,,,,
,,,,
,,,,
,,,,
,,,,
,,,,
,,,,
,,,,
,,,,
,,,,
,,,,
,,,,
,,,,
,,,,
,,,,
,,,,
,,,,
,,,,
,,,,
,,,,
,,,,
,,,,
,,,,
,,,,
,,,,
,,,,
,,,,
,,,,
,,,,
,,,,
,,,,
,,,,
,,,,
,,,,
,,,,
,,,,
,,,,
,,,,
,,,,
,,,,
,,,,
,,,,
,,,,
,,,,
,,,,
,,,,
,,,,
,,,,
,,,,
,,,,
,,,,
,,,,
,,,,
,,,,
,,,,
,,,,
,,,,
,,,,
,,,,
,,,,
,,,,
,,,,
,,,,
,,,,
,,,,
,,,,
,,,,
,,,,
,,,,
,,,,
,,,,
,,,,
,,,,
,,,,
,,,,
,,,,
,,,,
,,,,
,,,,
,,,,
,,,,
,,,,
,,,,
,,,,
,,,,
,,,,
,,,,
,,,,
,,,,
,,,,
,,,,
,,,,
,,,,
,,,,
,,,,
,,,,
,,,,
,,,,
,,,,
,,,,
,,,,
,,,,
,,,,
,,,,
,,,,
,,,,
,,,,
,,,,
,,,,
,,,,
,,,,
,,,,
,,,,
,,,,
,,,,
,,,,
,,,,
,,,,
,,,,
,,,,
,,,,
,,,,
,,,,
,,,,
,,,,
,,,,
,,,,
,,,,
,,,,
,,,,
,,,,
,,,,
,,,,
,,,,
,,,,
,,,,
,,,,
,,,,
,,,,
,,,,
,,,,
,,,,
,,,,
,,,,
,,,,
,,,,
,,,,
,,,,
,,,,
,,,,
,,,,
,,,,
,,,,
,,,,
,,,,
,,,,
,,,,
,,,,
,,,,
,,,,
,,,,
,,,,
,,,,
,,,,
,,,,
,,,,
,,,,
,,,,
,,,,
,,,,
,,,,
,,,,
,,,,
,,,,
,,,,
,,,,
,,,,
,,,,
,,,,
,,,,
,,,,
,,,,
,,,,
,,,,
,,,,
,,,,
,,,,
,,,,
,,,,
,,,,
,,,,
,,,,
,,,,
,,,,
,,,,
,,,,
,,,,
,,,,
,,,,
,,,,
,,,,
,,,,
,,,,
,,,,
,,,,
,,,,
,,,,
,,,,
,,,,
,,,,
,,,,
,,,,
,,,,
,,,,
,,,,
,,,,
,,,,
,,,,
,,,,
,,,,
,,,,
,,,,
,,,,
,,,,
,,,,
,,,,
,,,,
,,,,
,,,,
,,,,
,,,,
,,,,
,,,,
,,,,
,,,,
,,,,
,,,,
,,,,
,,,,
,,,,
,,,,
,,,,
,,,,
,,,,
,,,,
,,,,
,,,,
,,,,
,,,,
,,,,
,,,,
,,,,
,,,,
,,,,
,,,,
,,,,
,,,,
,,,,
,,,,
,,,,
,,,,
,,,,
,,,,
,,,,
,,,,
,,,,
,,,,
,,,,
,,,,
,,,,
,,,,
,,,,
,,,,
,,,,
,,,,
,,,,
,,,,
,,,,
,,,,
,,,,
,,,,
,,,,
,,,,
,,,,
,,,,
,,,,
,,,,
,,,,
,,,,
,,,,
,,,,
,,,,
,,,,
,,,,
,,,,
,,,,
,,,,
,,,,
,,,,
,,,,
,,,,
,,,,
,,,,
,,,,
,,,,
,,,,
,,,,
,,,,
,,,,
,,,,
,,,,
,,,,
,,,,
,,,,
,,,,
,,,,
,,,,
,,,,
,,,,
,,,,
,,,,
,,,,
,,,,
,,,,
,,,,
,,,,
,,,,
,,,,
,,,,
,,,,
,,,,
,,,,
,,,,
,,,,
,,,,
,,,,
,,,,
,,,,
,,,,
,,,,
,,,,
,,,,
,,,,
,,,,
,,,,
,,,,
,,,,
,,,,
,,,,
,,,,
,,,,
,,,,
,,,,
,,,,
,,,,
,,,,
,,,,
,,,,
,,,,
,,,,
,,,,
,,,,
,,,,
,,,,
,,,,
,,,,
,,,,
,,,,
,,,,
,,,,
,,,,
,,,,
,,,,
,,,,
,,,,
,,,,
,,,,
,,,,
,,,,
,,,,
,,,,
,,,,
,,,,
,,,,
,,,,
,,,,
,,,,
,,,,
,,,,
,,,,
,,,,
,,,,
,,,,
,,,,
,,,,
,,,,
,,,,
,,,,
,,,,
,,,,
,,,,
,,,,
,,,,
,,,,
,,,,
,,,,
,,,,
,,,,
,,,,
,,,,
,,,,
,,,,
,,,,
,,,,
,,,,
,,,,
,,,,
,,,,
,,,,
,,,,
,,,,
,,,,
,,,,
,,,,
,,,,
,,,,
,,,,
,,,,
,,,,
,,,,
,,,,
,,,,
,,,,
,,,,
,,,,
,,,,
,,,,
,,,,
,,,,
,,,,
,,,,
,,,,
,,,,
,,,,
,,,,
,,,,
,,,,
,,,,
,,,,
,,,,
,,,,
,,,,
,,,,
,,,,
,,,,
,,,,
,,,,
,,,,
,,,,
,,,,
,,,,
,,,,